animal_id,session_id,group,timepoint,wake_bp_delta,wake_bp_theta,wake_bp_alpha,wake_bp_beta,wake_bp_gamma,wake_n_epochs,nrem_bp_delta,nrem_bp_theta,nrem_bp_alpha,nrem_bp_beta,nrem_bp_gamma,nrem_n_epochs,rem_bp_delta,rem_bp_theta,rem_bp_alpha,rem_bp_beta,rem_bp_gamma,rem_n_epochs,all_bp_delta,all_bp_theta,all_bp_alpha,all_bp_beta,all_bp_gamma,all_n_epochs
16572,165721,WT,3m,0.2649810727827593,0.18594120041856196,0.15028022164470525,0.17161984539463096,0.11292785500185591,1219,0.3198649691496939,0.15203383413763086,0.1450511281578224,0.150057822885642,0.12141179031729957,368,0.10530489259432872,0.32595234433377124,0.1891191246099125,0.18438849136385146,0.1032858962783118,213.0,0.2573067658288128,0.19557701311998246,0.15380709938271425,0.1687225661213732,0.113521383328505,1800
16572,165721,WT,3m,0.1781129726296834,0.20405437280536776,0.19022955873611452,0.20898202756279716,0.11789898721458211,1285,0.22904826147946922,0.1942980208001103,0.18806039636082386,0.1942776903438935,0.10791687779978311,363,0.07632338278982084,0.323037959286593,0.20739591688175238,0.20632849576423146,0.10847062617006123,152.0,0.17978935718346847,0.2121343446760554,0.1912417145671737,0.20579257687177271,0.11508975577217143,1800
16572,165721,WT,3m,0.26007781999965623,0.1664986230521506,0.13868714889955272,0.17169260173344894,0.12297998281533695,1216,0.2782024336461826,0.13562685135507305,0.1548678830081046,0.16405734995430465,0.1403982842252443,361,0.10230903441923121,0.29631711847575504,0.1887108249963759,0.18992373432350657,0.11219953467851225,223.0,0.24416701241185687,0.17639018688371658,0.14812966266776315,0.17241994433084437,0.1251377421900395,1800
16572,165721,WT,3m,0.20781713699031568,0.1978176280105522,0.16966870708448734,0.18901127935255949,0.1239950304395637,1253,0.269816604955841,0.16623964967319568,0.16424065213835068,0.17249798067346353,0.12143096484608576,396,0.09245342063458827,0.3095478196279216,0.20645008846288013,0.191606435435601,0.10617198379609086,151.0,0.21177928595955633,0.20024339440645753,0.1715600842119691,0.18559605840345797,0.12193578042946279,1800
16572,165721,WT,3m,0.1795594823235418,0.2203839654971227,0.18853588904136728,0.1974800534194208,0.11813058241581398,1245,0.2483517129198281,0.19890123716876512,0.17706435377878849,0.17914238959791995,0.10438481861258207,406,0.07363362370578228,0.3537913397032052,0.20438441357268594,0.1927766249701887,0.1085395668907163,149.0,0.18630764492801183,0.22658158275011886,0.18726032617390034,0.192954552113607,0.1142362260728408,1800
16572,165721,WT,3m,0.1896959300366315,0.21329873570299362,0.17487424656448378,0.1954328258365481,0.12101338053149154,1265,0.2339213126530257,0.18935199001501876,0.16906105048298437,0.1857120498283483,0.11790574013161519,388,0.07587097860881789,0.34279546733889266,0.20564478517918233,0.1959954495268562,0.1079403865914913,147.0,0.18993325258956056,0.21871244804940634,0.1761341071737832,0.19338340616504465,0.11927588354019596,1800
16572,165722,WT,3m,0.18745618572594552,0.2218366989658995,0.18399100688683265,0.19724588278611782,0.11884068513869561,1251,0.24135785962492495,0.20686500330620394,0.17495253607081798,0.18248609372773447,0.10641092241786784,383,0.06989582910490695,0.3515732299372331,0.20394044957722685,0.19352995723459465,0.11222415228151393,166.0,0.1880835867838437,0.23061564602344284,0.1839076030890948,0.19376263675783245,0.11558571648515717,1800
16572,165722,WT,3m,0.14615352618613772,0.223555601940686,0.20411436779096329,0.21801499153767112,0.12281044071769344,1195,0.2039035124537065,0.21975451470084284,0.1918216922062053,0.20202394811576777,0.10245697202391345,423,0.05301082894153023,0.3547481470822139,0.21353447691501912,0.20833333009650964,0.11495621460597755,182.0,0.15030701134872831,0.23592737044807735,0.20217806672886635,0.21327817278780642,0.11723322604558165,1800
16572,165722,WT,3m,0.16840824083539158,0.21149531959869983,0.18964824310211084,0.21744379856551488,0.12617314609478997,1239,0.19665236752140813,0.21516143339902383,0.19154569953916611,0.20730354444620225,0.10701207198112173,411,0.056100245062982786,0.3367962929618637,0.2133319488783318,0.21115145984954106,0.1196032092843752,150.0,0.1654983167809979,0.22277416336337078,0.19205513780325686,0.2146040789819407,0.12125053943796783,1800
16572,165722,WT,3m,0.13222634788321144,0.24121521047312358,0.21956948906025486,0.2213665964266962,0.11319778087301845,1150,0.21976727857231218,0.23655045754754578,0.19440164913517827,0.19543814582784047,0.08932010130352862,497,0.05792526835928348,0.38117057336192894,0.20331605980419518,0.19921915981515925,0.10675315505247678,153.0,0.1500817797639459,0.25182342620533194,0.2112388273275103,0.21232493101047595,0.10605709504158549,1800
16572,165722,WT,3m,0.17809378991661892,0.21538720399054745,0.18842273253534128,0.2024534486267558,0.12127065616420205,1241,0.24176949048614044,0.2089655568133252,0.17598272000986648,0.18971486276550775,0.1019654436239383,387,0.07028568545636789,0.3579059060668367,0.20384454681576167,0.20066577388728457,0.11033665419249743,172.0,0.18148240222397538,0.22762500360140117,0.18722176987360437,0.1995438304137047,0.11607523083519357,1800
16572,165722,WT,3m,0.19072240395943021,0.2210419511812544,0.18939500756063557,0.20168609864224107,0.11271141385132048,1109,0.21483435923055547,0.22415493255929303,0.19099896532595106,0.19736351361310703,0.09789078872328337,383,0.0675662410532338,0.3502544606545838,0.20807924642254466,0.20759014375598883,0.11015942259957535,171.0,0.18361186578256997,0.2350453251967253,0.19168563935227856,0.2012976690861933,0.10903571335337302,1663
16594,165941,WT,3m,0.46675206243787537,0.2081297238915229,0.15913027018987014,0.08255588434206373,0.021091853921126957,1115,0.5956577873614349,0.1441561629006125,0.12831991711296786,0.05810606797740171,0.014440762569036474,531,0.2898343867306305,0.34081283813648056,0.230973274706253,0.08256407237289341,0.01952024345423584,154.0,0.4896429612575945,0.20060930095127294,0.15618778419636337,0.07534388904601498,0.01899532196564847,1800
16594,165941,WT,3m,0.46426536935186424,0.21837986840223428,0.1488375948339884,0.0810745309392961,0.022558956954324763,1081,0.6040932832836775,0.1545739686592349,0.11882803477875103,0.0547266921421405,0.014089956257800944,540,0.279585182003488,0.3794269463263843,0.20688737199277638,0.0805078674872919,0.020586159596487113,179.0,0.487848324900653,0.21525333567290272,0.14560745465709665,0.07311382776797788,0.019822073008115983,1800
16594,165941,WT,3m,0.4870393995699334,0.18574854939959762,0.1434522058921018,0.07992186562262917,0.030058230010685704,1077,0.6483194872757111,0.12707988290940184,0.10650335956191215,0.046392775244950765,0.01142008643014806,558,0.34636447365900863,0.33995799022566947,0.19119738881549028,0.07327529066731762,0.017316878669959592,165.0,0.5241410252168897,0.1816971281966935,0.1363747052977203,0.0689185782346453,0.023112448294485808,1800
16594,165941,WT,3m,0.47317316215589567,0.18242901568297154,0.1464342807256053,0.08913939247374855,0.03348577668129343,1050,0.6454822312124449,0.1322956292153198,0.10337204951361852,0.04930361902831747,0.010980259662175123,563,0.33098331026450833,0.3354494329942676,0.1946165721619333,0.08148939815415124,0.02105078773305727,187.0,0.5122956641420888,0.18264552760292954,0.13797097646240797,0.07588489836955833,0.02515469389513578,1800
16594,165941,WT,3m,0.4661105637788192,0.17719335305550024,0.14639641070637005,0.09288508237711506,0.03464388126881478,1034,0.6455724548764795,0.12487904692944417,0.10842879651563095,0.04808465135664763,0.01032943969778744,574,0.334683417123877,0.3476709591246922,0.18222427138704625,0.07988243983598638,0.018824423822221843,192.0,0.509320071185657,0.17869518008268281,0.13811059887592872,0.0772117741695345,0.025202867217972814,1800
16594,165941,WT,3m,0.45216201879295476,0.20257954689515437,0.16360938444538584,0.09217780956728935,0.02819089077948374,1055,0.5986097195433954,0.1685900570713739,0.1224650002065796,0.05727400091947253,0.012460748049464478,542,0.27254873936481366,0.37688986102819516,0.20484670038451955,0.08408186249690375,0.02122957199124472,203.0,0.47600266217230264,0.21200326371988673,0.15587100604439202,0.08075484204373103,0.022669287960770987,1800
16594,165942,WT,3m,0.46239181984073113,0.21140854934207112,0.15456449667689298,0.08316969992627184,0.027289425935436783,984,0.5907449867032769,0.1709211769741558,0.12357213121960334,0.05862460896325921,0.013529710761851327,525,0.2536098938368467,0.4100399688426722,0.1889208912342546,0.07530298779840267,0.023887964293995336,291.0,0.4660750821383456,0.23171181188735962,0.1510793405386236,0.07473892993472096,0.02272627271110799,1800
16594,165942,WT,3m,0.45893811375490673,0.23538632224649822,0.15230588389728436,0.0827376705102053,0.021680873306971576,997,0.5812031655765002,0.18466293005898574,0.12032157012543884,0.06080114025632878,0.013563213745096071,550,0.24247201456071305,0.4285092971027528,0.17915393173964905,0.0768913754662991,0.024046140458818067,253.0,0.46587136675809865,0.24703201498844296,0.1463065414137306,0.07521311257368286,0.019532928768296928,1800
16594,165942,WT,3m,0.4565688538050355,0.2155761646118077,0.16069304851591412,0.08428367587302028,0.024746231107358248,1011,0.5928854546114553,0.17261763505212455,0.1180849316454318,0.057795417507557297,0.014928639889166581,520,0.2568017877626636,0.4077064711407993,0.18368992502312054,0.07771229437397409,0.025443362489091816,269.0,0.4660951269461134,0.2318787296591763,0.15182079240912952,0.0756494558878624,0.022014220500817507,1800
16594,165942,WT,3m,0.4173575511110603,0.25516104013185026,0.17118137696231364,0.08420736573546579,0.022796144651350974,947,0.5611972038922733,0.1996442921746832,0.12443453278879502,0.059366136656871724,0.015268890019915568,584,0.2137159497440736,0.4543492066265408,0.17603982721547468,0.0717416332027039,0.027495477002357566,269.0,0.4335924213646764,0.26691650456523147,0.15674069147385,0.07428483249479252,0.021056257816719028,1800
16594,165942,WT,3m,0.45122220739571195,0.21841420384718316,0.15922636277020324,0.08330688823679558,0.02937600731551106,1014,0.5828811656494255,0.18240957994274892,0.11962644683130211,0.057949657175425495,0.015318264332336518,517,0.23164998182836732,0.4367376782729222,0.1771942333102756,0.0736628869510593,0.026923067263826737,269.0,0.4562237366954643,0.2407001061038117,0.15053758534512965,0.07458248556757814,0.02497173287317533,1800
16594,165942,WT,3m,0.41904541425130315,0.2621419186028005,0.17123380630400767,0.08111508377597991,0.02276403816012878,1025,0.5386020840959789,0.20648573546841825,0.1340427545069636,0.06399154557545976,0.01636896293718017,524,0.21936350716854408,0.45266461022003146,0.17487372320291014,0.07326723572712254,0.02745219918166969,251.0,0.42600515665176847,0.27250711617697204,0.16091464408177067,0.07503589273301559,0.021556098715451943,1800
16596,165961,WT,3m,0.17533810936176683,0.1890741519658542,0.09939187647461674,0.36287739976792066,0.12300275049899397,1271,0.31457692980994356,0.1833119835243502,0.11683324864718976,0.21461390055285182,0.11414311777737092,477,0.13093161931024125,0.34247034108346947,0.12780358804881026,0.24631592085623397,0.10647983405291911,52.0,0.2109535426234896,0.1919786227922534,0.10483462287915862,0.32022024086292317,0.12017761913043283,1800
16596,165961,WT,3m,0.19149680623834936,0.18982152128722243,0.10905518799091916,0.36689113207054375,0.0926984903836119,1381,0.2528104446931182,0.18294312713088187,0.12171741083952298,0.3201427438297416,0.08144096717609947,332,0.11859425474439035,0.3476611232098611,0.13319604336166324,0.291570632923026,0.07278311681858365,87.0,0.19928214289779866,0.1961817537913138,0.1125574726592476,0.3546281607806658,0.08965952638080546,1800
16596,165961,WT,3m,0.24925880046842916,0.2656224071052421,0.15784287935023666,0.1509535031553957,0.11364183229599033,1235,0.3422908774761995,0.20432746279268943,0.15195599608017152,0.13601403674380047,0.1048833971028106,484,0.14370102741894847,0.3892595942128154,0.1767865248302127,0.1445711299922624,0.09349540881597852,81.0,0.26952399249884745,0.2547045510543743,0.1571124258953292,0.146649239839048,0.11038019733189035,1800
16596,165961,WT,3m,0.33228051537546843,0.207438599860321,0.13422078974958504,0.1317063253077317,0.11027381112471725,1195,0.4085174185695516,0.1628727717345156,0.13941384279291077,0.11957701191760632,0.10675775608570298,425,0.18389167265821124,0.3475887346908101,0.18486273769770073,0.13393897800529922,0.09645395204642439,180.0,0.3354420110245679,0.2109311261469992,0.14051112206851515,0.12906572491593107,0.10806164555489849,1800
16596,165962,WT,3m,0.3595672571465362,0.18611740152085005,0.1216630849744863,0.1305460371741557,0.10565310725959698,1159,0.4351407334550491,0.15139554161158048,0.12855444206200164,0.11560994910069525,0.09979619124894326,471,0.19836371333738761,0.308866600314313,0.16644335428495594,0.14439726710626535,0.11765776945005282,170.0,0.36411753764306637,0.1886248280639738,0.12769557106948604,0.12794593251074388,0.10525432122146343,1800
16596,165962,WT,3m,0.3587017583612855,0.1757906589847184,0.11083097339743488,0.13010211376591815,0.10612755559687041,1163,0.5311000361412482,0.12242705548051636,0.08178881497284887,0.07855405105443013,0.05896304487092367,439,0.20909781456986581,0.3173005368266653,0.1664172605808999,0.141675281216388,0.10358989691984628,198.0,0.38429134895834244,0.1783419555815855,0.10986240523850865,0.11880316244639026,0.09434551302645854,1800
16596,165962,WT,3m,0.3175722164611945,0.22731932247061407,0.133506133746899,0.13118797969122467,0.10220372751640468,1191,0.42366278940481183,0.21845088169893825,0.13422703680842238,0.10923420355400565,0.06625940957392833,432,0.1579943029274964,0.4211884317967972,0.17337554398845414,0.11732532082136947,0.0861150052371609,177.0,0.3273421258035156,0.2442546924358199,0.13759964248875084,0.12455591196275634,0.09199503351941803,1800
16596,165962,WT,3m,0.38181211156977474,0.22357020283871465,0.11779538787892418,0.117005377620378,0.07654941204069854,1146,0.5144473301118636,0.186177582145563,0.10189739851004771,0.08494349199484,0.04407634009556427,405,0.190354447642604,0.42134886268025856,0.1650050810436949,0.11343008105727495,0.06769665054420833,249.0,0.3851700588984861,0.24251624446083575,0.12074901449205361,0.10929687066340271,0.06801833884602884,1800
16640,166401,WT,3m,0.6209243358484445,0.16376657943273884,0.07641639832257004,0.06040792456557942,0.00799156364482785,1056,0.7693671900510987,0.08347739325988067,0.04042881870591127,0.01738700603091618,0.001618367007087268,579,0.4589182539625354,0.3253965551728129,0.11796274016691517,0.052779066353497876,0.004834484971250396,165.0,0.6538228964440899,0.15275630565664294,0.0686488082149431,0.045870217100821946,0.005652119847943362,1800
16640,166401,WT,3m,0.5631589787889724,0.14209626799184039,0.07677253610386468,0.14321820115501524,0.009803914732968452,987,0.719919621796971,0.09916025028708446,0.0629740640677008,0.03574210001075181,0.002687015698267247,466,0.37410497672877424,0.3151591402565327,0.1596379953093287,0.11924142989111035,0.009777306877763892,344.0,0.5676196815897622,0.16409150661656932,0.08905724951389654,0.11075750418895512,0.007953259166824251,1797
16640,166401,WT,3m,0.5552058386305594,0.2046588321369324,0.09666222842927506,0.07762050020587344,0.011613744243104795,1115,0.670811822570718,0.13932879659107963,0.08193971528974514,0.05300028549426628,0.006191816413671845,486,0.35863523544465403,0.37974170363335347,0.15052966791290823,0.07917496421282602,0.010189671926178439,199.0,0.5646874820532939,0.20637610666610096,0.09864249458007031,0.07114489686561926,0.009992384623008818,1800
16640,166401,WT,3m,0.5859863094079295,0.17507172014703754,0.09344738251385025,0.07538551022513622,0.010296386677366907,1076,0.7008603836563437,0.11406948392068117,0.07311203930272507,0.043179662335375374,0.0047258721602574105,502,0.3994624015777989,0.3361245419915756,0.14447179660067638,0.08192893694554496,0.010968161066819863,222.0,0.5950187970381601,0.17792205562695781,0.09406909231123389,0.06721067972028667,0.008825684247850013,1800
16640,166401,WT,3m,0.634225530523464,0.1468743847245542,0.08360570555355451,0.05832032516853247,0.00748442874657508,1041,0.7515280022533959,0.08828789315162017,0.05161141539045996,0.026197664803737135,0.002496070382967044,529,0.4977034909148477,0.28162159232599543,0.1212165745465856,0.06639104446751859,0.00746826313712625,230.0,0.6512549407652153,0.14687416456135943,0.07900877242695459,0.04991109078286028,0.006016340044062923,1800
16640,166401,WT,3m,0.5259817902294767,0.21424494907430003,0.11134357342977921,0.08661745365363006,0.012851733669186852,1115,0.6391520161432683,0.16411212958441682,0.08863250212529872,0.06839574282411938,0.007916726544751361,481,0.31011710883702176,0.3941323938479783,0.16231999851218057,0.10366323117511735,0.013963826543476542,204.0,0.531758725596406,0.22123558938496476,0.11105199866275409,0.08368006237884604,0.0116590272911322,1800
16640,166402,WT,3m,0.53006863360194,0.20523816381420387,0.11752801200918295,0.0861571755711905,0.010113701446466094,1143,0.6475982810586228,0.14546896314463542,0.08945299088105482,0.06467683070069878,0.0064626747067406875,467,0.32011486714846615,0.39664905648016896,0.14978773602685558,0.1027110185267147,0.012571280126413238,190.0,0.5383992612331127,0.20993585986633997,0.11364929684058403,0.08233156951954047,0.009425873925209534,1800
16640,166402,WT,3m,0.5491813473196449,0.18697153804877079,0.10354871823819481,0.08994689869073473,0.011788920006535749,1091,0.6725414526047707,0.12997779741464913,0.0770820180093748,0.058879065720441014,0.005470462496512548,478,0.34652192160123274,0.3694892617356268,0.15121532437438437,0.10258679812707641,0.010656197104048951,231.0,0.5559323489781653,0.19525964146463393,0.10263755340935249,0.08331878347406503,0.009965652406388225,1800
16640,166402,WT,3m,0.48905612543085525,0.22479769650139922,0.12250288346831957,0.10799844900919833,0.011900153652152355,1149,0.5908086327554416,0.17353535531004916,0.10318577727644936,0.09498260401194243,0.008656661051094989,507,0.300069469524227,0.38568128000259033,0.16485478353544494,0.1214276053177405,0.012431426144928164,144.0,0.5025974825214169,0.22322949041259757,0.1204500505629795,0.10540665183965463,0.011029071702276596,1800
16640,166402,WT,3m,0.44668327229612903,0.22543507687814734,0.14486109418321846,0.1267030855668123,0.014148059971169831,1129,0.5592801393572566,0.1793355101421408,0.12108091423398806,0.1062775406270234,0.009731676844614609,507,0.24697524452859215,0.40533642478451615,0.17944923630107026,0.13717985138281763,0.015889334241194986,164.0,0.4602024362106378,0.22884137727897463,0.14131437422381174,0.12190444018311893,0.013062761490681292,1800
16640,166402,WT,3m,0.4916075771400491,0.20492334204119836,0.12376732869646001,0.12052472983613627,0.01267859706418651,1205,0.5655239368664146,0.170450794275848,0.11289679999103858,0.11520221037131649,0.01017834584311267,447,0.2833395634852987,0.37419332140700434,0.1716615869611684,0.14014926190374546,0.01417118376699719,148.0,0.4928392142382615,0.21028041320510263,0.12500578641415636,0.12081654347237612,0.01218042513985094,1800
16640,166402,WT,3m,0.39317840947091615,0.18005287471659373,0.10809347841677065,0.25820134083690555,0.01384083695670922,1002,0.5550778809381829,0.16281367184740428,0.10875905648150355,0.11859903925117624,0.009370122663104734,485,0.2522099465368357,0.36517207955776876,0.1726303192026591,0.17857535370855415,0.015384138534133306,274.0,0.41583365354683116,0.2041083254462502,0.11831829371303917,0.20736395483903672,0.012849677501749554,1761
16645,166451,WT,3m,0.5398802915434362,0.21281706610944556,0.10260764248280586,0.06976997555387439,0.021593500867993286,1106,0.6595526736214194,0.1387637377170051,0.07064527625435156,0.044262153447074355,0.017050867977170953,461,0.33744150711695275,0.3815647183554829,0.1565653428025558,0.08337642590159001,0.020763603929131694,233.0,0.5443251423026471,0.21569463198967426,0.10140624989568604,0.06499841829819825,0.020322656562757817,1800
16645,166451,WT,3m,0.500654873963301,0.23251474405877465,0.11709748279261414,0.07694158664188415,0.023139733794671245,1118,0.6042178815036755,0.16330881373568443,0.09632814362537566,0.05660746795814458,0.020869067163711185,430,0.29134888118074537,0.40980920609008514,0.17186954393674483,0.0905646487164303,0.02083654539805479,252.0,0.49609208677505484,0.24080344094375322,0.11980400699617436,0.07399122031342728,0.02227485039063782,1800
16645,166451,WT,3m,0.49585707545651164,0.21079261451960682,0.10751345891953389,0.10270056557467834,0.025592704430527538,984,0.5903010948586741,0.1346835598158528,0.08078623560267299,0.050775552199836496,0.018332885159882344,471,0.30099078153367614,0.38575657756117343,0.17388174615358615,0.10076149800441588,0.021563021664391755,345.0,0.48322055419820065,0.22441217145509149,0.11324042387148198,0.08874186579062775,0.022920695857866023,1800
16645,166451,WT,3m,0.42711879434722566,0.2534526043379007,0.1276562781273198,0.10198105834221849,0.0355324952574138,1180,0.5237206134050112,0.19402558962716693,0.12185226186321844,0.08684147351918146,0.03070869734591111,424,0.24316538408833543,0.433202099088373,0.17357975694674163,0.1047084652450704,0.028338952058340534,196.0,0.42984340705264706,0.2590269636344238,0.1312896664343352,0.09871182933554697,0.03361292593436074,1800
16645,166451,WT,3m,0.3604644932675721,0.30615830358954443,0.14895526550514207,0.11489031108803324,0.036978153240667416,1198,0.46800069461507127,0.23481100581792272,0.13220239267013234,0.09758041815743707,0.033923959624228686,491,0.20789840717048105,0.46558158101365055,0.16817028429018485,0.10916550765338463,0.03115389478718786,111.0,0.3803897373258193,0.29652744836077194,0.1455703802402254,0.10981552741571729,0.03578587448844094,1800
16645,166451,WT,3m,0.4253195319116736,0.23983274022054815,0.1369186234871915,0.10550246747541875,0.040963835876765796,1197,0.4910032694741519,0.18687431236249216,0.141713276708776,0.09674515158392415,0.03958527960455912,454,0.22907560162469648,0.4168194576333644,0.18749931354845298,0.11384989762850561,0.033404104347727705,149.0,0.4256417937120101,0.24112601502441047,0.14231489869926223,0.10398465951879177,0.039990355573761065,1800
16645,166452,WT,3m,0.38498700749050213,0.2525256596776261,0.1522676854781217,0.11293997607317227,0.04807124973832529,1161,0.465300751802783,0.18530479832170987,0.15602660634719212,0.10045028114061962,0.04515063983300659,511,0.23271651910807578,0.39058121602074536,0.18255293753953075,0.12124240885481347,0.04556192003652842,128.0,0.3969590635075159,0.24325968804376283,0.1554884192714302,0.10998468567623655,0.047063679814187596,1800
16645,166452,WT,3m,0.3465810001421363,0.3076411038022973,0.15701374774176943,0.11494856790446187,0.039968440352831015,1196,0.45237256786133667,0.24638411899216414,0.1355374589610497,0.10069675825097468,0.035004673622268195,477,0.1930783871984312,0.47727407680914224,0.16936469060869463,0.10735754977014768,0.03489414946876942,127.0,0.36378530345225185,0.3033765514786505,0.1521939588504895,0.11063624984458893,0.03829502275685641,1800
16645,166452,WT,3m,0.3635304248322749,0.30465682271839173,0.14761157671110295,0.10877868738663908,0.03730240465537313,1166,0.45589214088803093,0.25340898788498584,0.13891125626786507,0.09508174524601253,0.03055893563403718,454,0.18672627524674626,0.4931443223463427,0.16650558102299465,0.10603283703963255,0.03168824836454923,180.0,0.36914568714556273,0.3105797298954278,0.14730656298605324,0.1050494291675804,0.03504013628424267,1800
16645,166452,WT,3m,0.3431951474920102,0.32777533976726114,0.15606773673127325,0.10939495896094632,0.035980933649061485,1193,0.460614918134971,0.26220149317631886,0.13415310346650625,0.09032670719733603,0.028080618856970618,479,0.1814813029652744,0.5046903167129271,0.1612381614904404,0.10402320000328408,0.0326828478176525,128.0,0.36294220195787463,0.32290603117391886,0.15060368397313437,0.10393869354908515,0.03364404155359933,1800
16645,166452,WT,3m,0.3418692852863642,0.3295599863851299,0.15709877399008068,0.10814634856849081,0.03529879239008921,1159,0.45697796897784465,0.2593076261782373,0.13930858706628652,0.09242260853990077,0.02731757315650974,478,0.17146362295364356,0.5126891563619407,0.16718912099782585,0.10081045369606675,0.03271565664854394,163.0,0.3570058563109721,0.3274874455669774,0.15328822799713002,0.10330651601411794,0.03294541799035429,1800
16645,166452,WT,3m,0.365642887443334,0.31126088692734327,0.146909935938741,0.10816284688805447,0.03550939356698007,1226,0.46588604240545683,0.25343186995956624,0.13440551249163285,0.09491650629489107,0.027891119256175614,463,0.19961477863879631,0.4890037278032376,0.16242011252763702,0.10223930201879942,0.030455937777086505,111.0,0.38118925448231133,0.3073467871946452,0.14464998124171674,0.10439030845743116,0.03323817434554637,1800
16653,166531,WT,3m,0.3592157425365031,0.20578665576620522,0.10786347486740501,0.1334351766455013,0.11607661499975748,1200,0.4144133711236325,0.1637816048540767,0.0989617653892589,0.11281115558356716,0.08691221752755532,409,0.21809931040617936,0.35504832378488055,0.1421146663807554,0.14753186654611097,0.08814271240745966,191.0,0.35678384895608317,0.21208049619315322,0.10947524064656512,0.13024475617699316,0.10648571835461325,1800
16653,166531,WT,3m,0.30219951161467323,0.26236554253253325,0.13843323181653994,0.15333811872706218,0.08913341048045612,1281,0.38350788004000047,0.2226385079119373,0.13282494516820906,0.13916998812957632,0.07417431157577731,443,0.18118555576924036,0.3954481740031696,0.1493681813573739,0.1434204581309507,0.08513099100441747,76.0,0.31710092637476606,0.2582073223407801,0.13751466802759146,0.149432438693734,0.08528281898326077,1800
16653,166531,WT,3m,0.29338232200183656,0.2420090556769474,0.13684657858238197,0.16678937571040317,0.10035945798889465,1297,0.3907549680862109,0.2083465267057206,0.12577119249312715,0.1438313813328607,0.07917283703390655,434,0.17909625329425696,0.3690167318454198,0.14727020414962697,0.1557577073756803,0.09439860057837142,69.0,0.31247898292394516,0.23876127350034304,0.1345757522498283,0.16083106755765356,0.09502262873567746,1800
16653,166531,WT,3m,0.2862526909537809,0.23942369830861415,0.13759017723239209,0.17749592919481635,0.10292645930395829,1322,0.378825134681707,0.21022262029207034,0.1254468497094655,0.15535792885901398,0.07968819666789077,421,0.1838769745059646,0.354877863954771,0.13680502725303784,0.17100492851613802,0.10082387644192779,57.0,0.30466245927152047,0.23624993919576193,0.1347251247679614,0.17211254853922886,0.09742470608566932,1800
16653,166531,WT,3m,0.28410735690257194,0.22747012162326488,0.14083586401193723,0.17229461892991038,0.11340254550276035,1327,0.3363324297165824,0.19533233409822098,0.14149482806945796,0.16127746711196878,0.10700131124871368,383,0.17585317419574276,0.3427516419734444,0.14320449666352222,0.1748867899931444,0.10991310777658352,90.0,0.2898069827048782,0.2263959906285006,0.14109450855231115,0.17008002240181008,0.11186603321684047,1800
16653,166532,WT,3m,0.2656875633761491,0.23263641882333516,0.14393446692815012,0.1756169540918486,0.11174348486183908,1288,0.30915169070915055,0.1933637822638003,0.15224958076491604,0.16648603587551453,0.11472569872042437,444,0.15286267102268786,0.3346492226952775,0.15900606419363347,0.1737267386353585,0.11878705352840374,68.0,0.27214644107382546,0.22680298550714553,0.14655489979347067,0.17329325279235214,0.11274518798547145,1800
16653,166532,WT,3m,0.27715397535852443,0.229059674155926,0.14903140308196428,0.17040622659310653,0.10896593222287027,1308,0.32473719445964305,0.1919790783255256,0.15055561673880372,0.15867171365415023,0.11023443433486138,423,0.16199397354292824,0.3398886393276677,0.15553963934193865,0.16539159506800366,0.11902139912920999,69.0,0.28392156511102284,0.22459417780069865,0.14963907568128723,0.16745638851065622,0.10964948978393119,1800
16653,166532,WT,3m,0.27866299799044625,0.22937424695731065,0.14850734797197113,0.17798098021561637,0.10251683621388696,1280,0.33662490862506195,0.18771727106076888,0.1474448275941901,0.16461692336107958,0.10344503335200239,452,0.16548289450311335,0.3259075017577375,0.1687258993218429,0.18002813997597542,0.10424957676994903,68.0,0.2889421849736172,0.2225605293024174,0.14900434923921238,0.17470245419642402,0.10281537591624275,1800
16653,166532,WT,3m,0.3005434029483191,0.23766154771676423,0.13307312956153503,0.1791846183369185,0.09197067145904717,1227,0.3978439628209542,0.19721449575414943,0.11718098536747386,0.16134029348725554,0.07368906821981246,462,0.16606419776461107,0.35428456907819633,0.141392799969026,0.1857793497892185,0.09694720297489601,111.0,0.3172243289959668,0.2344718906969814,0.12950719222685458,0.1750112500650635,0.08758527940445428,1800
16653,166532,WT,3m,0.31706413231883523,0.2423878236615207,0.12442232693532329,0.17702102298174396,0.08539674824333895,1188,0.43614053398248825,0.1942938963405145,0.10747182429392271,0.14869068490256657,0.06352111914537775,492,0.17889527932878851,0.3788643149466458,0.1288129374973223,0.17497065974922024,0.08542060816004445,120.0,0.34040042524089725,0.2383405829461207,0.12008189691747374,0.16914070635793388,0.07941900028434326,1800
16653,166532,WT,3m,0.3405752203341964,0.22582404004432097,0.12076380557348493,0.16267286946705084,0.0901514785431316,1247,0.4357139481060988,0.18858202690262937,0.11091547791080379,0.14544949117232853,0.06989984478652643,452,0.19545123195494374,0.3604963505887061,0.13389639967111433,0.16856785375685662,0.09169766643266468,101.0,0.3563225437378605,0.22402876972484226,0.11902766551811199,0.1586786619248597,0.08515282660916344,1800
16654,166541,WT,3m,0.5564302031131498,0.14980413689619085,0.07410117678946311,0.0944508440757006,0.025909820061230222,930,0.6922888487416113,0.09142342196176494,0.048481579947433295,0.03812336474583497,0.009971889383897503,513,0.375879935468577,0.31204087634537775,0.13519176116575668,0.10157911195620212,0.0268289288471844,355.0,0.559544852831491,0.16517940705364406,0.07885329262573837,0.07978707221883576,0.021543927503689646,1798
16654,166541,WT,3m,0.47874524342926145,0.19823858341971834,0.1027335903292352,0.09173547831016636,0.04184333062592386,1197,0.6145487735982091,0.12243492606999683,0.06974985038837933,0.06518703840070801,0.03027514341612297,514,0.3242137632940116,0.30111568979991654,0.14327438540204748,0.10310166863274631,0.04862748034040558,89.0,0.5098839727485959,0.18167912930309654,0.0953194172358354,0.08471641876863749,0.038875409014118976,1800
16654,166541,WT,3m,0.461070544130614,0.19247367341739402,0.1115623821497234,0.10437868131396025,0.04991972622992961,1186,0.589126510248488,0.1358938348337101,0.08748126760692344,0.0795191576894127,0.03607281278134677,464,0.2898477917428562,0.32390394749363915,0.1473349525832523,0.12008602722945812,0.05591456139380486,150.0,0.47981196380868607,0.18884117119995372,0.10833585349259572,0.09927939405036837,0.0468498692490623,1800
16654,166541,WT,3m,0.47565679057457544,0.17943603908095482,0.10644009338416419,0.09919770651254434,0.04681358922676029,1120,0.6387696395966882,0.12346231575902783,0.08137804114947128,0.05963365103531847,0.023237676688689285,521,0.31525336028413137,0.34580133039407146,0.14901244195595692,0.0997963389144697,0.038051583205232484,159.0,0.5086999288658756,0.17793035656321124,0.1029465790556309,0.08779898965047292,0.039215695121339225,1800
16654,166541,WT,3m,0.5288445064788226,0.17106681899945864,0.10382603274308523,0.08279719395835666,0.033267313914231295,1117,0.7148384688576545,0.10582029518206654,0.059605812622357375,0.03814617132218811,0.01172177665982478,550,0.368234433673814,0.3072131532130804,0.1878256747046405,0.07826257744037081,0.019301255291051204,133.0,0.57380869515954,0.16119008252770645,0.09652093902891108,0.06881876815458732,0.025652018754894333,1800
16654,166541,WT,3m,0.4790765739598512,0.1822479731467808,0.11234821610659639,0.09513413345719611,0.049753669997119505,1178,0.6770993930299994,0.11960237098064598,0.0730606229645781,0.04523500300903453,0.018737279067330886,501,0.32973235622763897,0.3191368881623017,0.15147428525915235,0.10013856668047856,0.046432256644681535,121.0,0.5241536750757103,0.17401359094213883,0.10404331066398978,0.08158195127135622,0.04089750173519223,1800
16654,166542,WT,3m,0.4643401916238871,0.17913433852067123,0.11979298648612278,0.10520294978270439,0.050183767488587404,1177,0.6542468118044654,0.122075343770362,0.07906556347526893,0.05461890966998359,0.02210038161836786,483,0.2982845214424747,0.3070278301768619,0.17747332539875024,0.11321868495503659,0.05009281667478364,140.0,0.5023830270248991,0.17377077983593084,0.11335070989363692,0.09225301175475013,0.04264098499456042,1800
16654,166542,WT,3m,0.38832788089628384,0.21396645152516056,0.12483788055149983,0.1246500971936752,0.07272582363798637,1246,0.4414287105750275,0.18030194239582373,0.11749188845617878,0.1184824878540435,0.07533961233917581,447,0.22478352290760742,0.34351764132744345,0.14192831625888605,0.13713325643936372,0.08505399167843053,107.0,0.3917927834305116,0.2133075302629554,0.12402955730376751,0.12386052867393815,0.07410775559896371,1800
16654,166542,WT,3m,0.428788534227237,0.19978565728524222,0.1180616322842409,0.1090973266424634,0.06289710887674368,1182,0.5964066036088271,0.1412138890522985,0.09327630583303542,0.07084380318136095,0.03498032642348827,462,0.2745710989024062,0.3361212952228,0.15752319492465766,0.1140700861904786,0.06350938730490824,156.0,0.4584449943070265,0.19656799206004166,0.11512006725726762,0.09970989478160842,0.055784865510849074,1800
16654,166542,WT,3m,0.39648366631014026,0.1959284738475623,0.1289498513783366,0.12837613243717616,0.0715789625693271,1222,0.4648471928742666,0.16963326952902488,0.11002827226236014,0.1177225299463854,0.07047892372835915,428,0.20589670338210478,0.3309267989036121,0.15952994901051867,0.1467629215585066,0.08760692219285993,150.0,0.3968567468269407,0.20092591901982534,0.12699906181344178,0.12737517493836567,0.07265306108021355,1800
16654,166542,WT,3m,0.3766941543204778,0.21404541362298504,0.12720186754295565,0.12288954143935156,0.08283496907111672,1182,0.41943244510742395,0.17594986950478073,0.11704250696207309,0.12244799021819178,0.09299671348568057,459,0.18500888925387565,0.35337647948752604,0.15506385376544984,0.139038846251258,0.0977105223763608,159.0,0.37066022005693255,0.21663862735754408,0.12707237271115088,0.12420346780300753,0.08674022110546038,1800
16654,166542,WT,3m,0.37963577815098554,0.2247378863322976,0.12131538692813863,0.11540794749937357,0.07487902187683271,1195,0.45368208904120305,0.16903734249140917,0.1070766274701825,0.11103055879538067,0.07841956780926455,469,0.19946017809613958,0.3439026707367123,0.15875830549055453,0.13232895123475807,0.09124024744339602,136.0,0.38531568826212614,0.21922836167542192,0.12043441956075368,0.11554587039150668,0.0770377122764789,1800
16657,166571,WT,3m,0.41501053368698304,0.2431250375382714,0.12885229203620205,0.099292677084975,0.04880647978643429,1277,0.4847350876313759,0.1926917284373808,0.12913355523860282,0.08688106276479905,0.04501987565746222,441,0.26262209491842353,0.3790895431695469,0.1413826273334845,0.10691080098064022,0.05163923975887558,82.0,0.4251509094150139,0.23696281539842243,0.1294920279065553,0.09659887944288999,0.048007809729136236,1800
16657,166571,WT,3m,0.39620795568225003,0.24181775816132225,0.13366384562236042,0.10361360813625785,0.05133794708240756,1101,0.5339527442029572,0.19145723720511615,0.1210459000664879,0.0710439556638775,0.032861378915078905,557,0.25834111353116856,0.38427723951572457,0.15744943510479684,0.10383943878118808,0.04598495537773092,142.0,0.42795615324923914,0.23747244492783245,0.13163571119562986,0.09355292564984909,0.045198184142815255,1800
16657,166571,WT,3m,0.3992469537657709,0.21694281401394647,0.13209902231699314,0.11213457448449496,0.05909547396211891,1112,0.5117960319445066,0.16305159866099764,0.13562202247518096,0.08290099501956139,0.041366961815071,534,0.2582959254581354,0.3473924735079946,0.1536723259286956,0.12127845277559171,0.059395448248445795,154.0,0.4205773700924759,0.21211577988261796,0.13498989500625674,0.10424425549702517,0.053861679825213775,1800
16657,166571,WT,3m,0.4154552807110327,0.2157722214308692,0.1266583400178586,0.10715288984375752,0.0560833488441199,1141,0.5205688035386249,0.16317576019707897,0.12247344243288638,0.08305985739436941,0.041614130822267226,512,0.25478596210353543,0.3545843085257878,0.15956943556196734,0.11673336282006176,0.056704872459393194,147.0,0.4322329106290466,0.212147770681565,0.12815570861867984,0.1010821659067742,0.05201841792426246,1800
16657,166571,WT,3m,0.46134248160263963,0.20089121903085572,0.11523840172360222,0.09871736938530942,0.04913958557479317,1155,0.594415631383039,0.14041473754192063,0.09754977676864908,0.06619199128556284,0.03124943725525339,507,0.2930332505152138,0.3416060356218416,0.15120543525968425,0.10758317743565105,0.04972940651448931,138.0,0.4859210444074161,0.19464514601678123,0.11301357826572336,0.09023576650440701,0.044145746736832844,1800
16657,166571,WT,3m,0.4746488949706933,0.19378925235981354,0.10947363082317335,0.09362288997895489,0.04814754780624015,1196,0.5762706599333199,0.14585101362511058,0.09949147981213206,0.0727279435579564,0.03726089665611826,474,0.31323565733903713,0.3344331566428672,0.144464793024436,0.10228858538278472,0.049603691634421514,130.0,0.4897516703596765,0.19132313146900676,0.10937213721591255,0.08874640986725744,0.04538589561318782,1800
16657,166572,WT,3m,0.46473830239374164,0.1956084843323858,0.1115680083719855,0.09989174657785489,0.04881814247048058,1138,0.5947269516219189,0.1487733070236647,0.09241179166439444,0.06816662996695397,0.032747740692276074,505,0.3053536976056979,0.3473805053464043,0.14944916829045077,0.09887405527215715,0.046777151500742596,157.0,0.48730546067624536,0.1957065080869951,0.10949770429968857,0.0909023235647996,0.04413148220367939,1800
16657,166572,WT,3m,0.44533831812396646,0.20054626166991046,0.11822606915214834,0.10690300886473975,0.05115887109280417,1099,0.5939126793307957,0.15344939203280766,0.0923544624607691,0.06498583682447744,0.03257072230886665,500,0.2725945365460968,0.3617751623620731,0.16013598012698824,0.10907316681260901,0.04764833502107863,201.0,0.46731925173855693,0.2054676917924512,0.11571945179673344,0.09550168426884562,0.04560348656925662,1800
16657,166572,WT,3m,0.410794303925186,0.2292797124807388,0.1321162012460414,0.10312774505719761,0.04644890101157564,1084,0.5579125460574398,0.18473818999728275,0.1015876709600123,0.07010534526281051,0.0336140919990611,535,0.23409594651701002,0.40264393531661014,0.16620096437143125,0.10468116790554997,0.04544091895152328,181.0,0.4367531132862282,0.23347371792776309,0.1264698559253025,0.09346895930472798,0.042532752359039666,1800
16657,166572,WT,3m,0.42429120000550635,0.22500347339110346,0.12406850754356702,0.10341950506827598,0.04984355036398289,1072,0.5557654999721671,0.1790605184499112,0.10098288284327792,0.0709206775258158,0.034956175735393905,521,0.2518824083845416,0.40899015404837274,0.14135229086512527,0.10266271386982154,0.04721807219518784,207.0,0.4425186946816677,0.2328640085975999,0.1193741368095181,0.09392586899733052,0.04523255249596321,1800
16657,166572,WT,3m,0.42729374760439637,0.24187030580396068,0.1247728652214225,0.09433064409147107,0.043565799240893925,1070,0.5686549122727619,0.19293544769895168,0.10196617670355208,0.06231971457792013,0.02835401295849804,530,0.24512044573821823,0.42064018180282065,0.15666691468515054,0.09496041277200636,0.040420592354296465,200.0,0.448675279216062,0.2473250282506925,0.1216013457649082,0.08497517803254055,0.03873730584812209,1800
16657,166572,WT,3m,0.4167051693554225,0.21602476021425854,0.11110955801328198,0.09680659276687774,0.06269770623135608,997,0.5796476676111688,0.18855207980462677,0.09786646379458248,0.05999614946870775,0.026537307450063385,560,0.25417395859487457,0.41971991631376143,0.1533977355829352,0.09166007301080376,0.03882793531802047,243.0,0.445456677582314,0.2349765501602504,0.11269838822825644,0.08465967468482155,0.04822538531498693,1800
16658,166581,WT,3m,0.28765203328736005,0.15603535556479972,0.09560954078006736,0.15941084695307864,0.15077638151458037,1057,0.4266241819807127,0.14766709550676488,0.09446271007580312,0.09950261726762155,0.10002150211577387,424,0.17181712019345807,0.33545794309611504,0.16965090123663032,0.14327427012754854,0.09320414959643152,304.0,0.300935157917856,0.1846047249457034,0.10794697347485005,0.1424323546608686,0.12891530175647886,1785
16658,166581,WT,3m,0.26544553882933647,0.18872026261950411,0.11086416751520814,0.18382564941904672,0.1381616801278029,1067,0.4018501835421831,0.1933136583227405,0.12315952840948945,0.1176900500722264,0.08430771570925887,534,0.17920294008810417,0.3840599277115046,0.16337258132554158,0.13351308113930513,0.07393943245440497,199.0,0.2963776516777558,0.2116788552077465,0.1203168881073207,0.15864308767522972,0.11508487774640914,1800
16658,166581,WT,3m,0.30862046336264026,0.24529297478567402,0.14143066104203528,0.12840147315974837,0.09813476640200555,1168,0.4472968284460042,0.17405562719383658,0.09809645633097935,0.0962049099831512,0.09594508583750182,531,0.18906348293945813,0.35956455029383466,0.1647622810011666,0.12981160552009532,0.08693163599597482,101.0,0.3428215160495985,0.23068986231626215,0.12995623377220283,0.118982611116205,0.0968601905404719,1800
16658,166581,WT,3m,0.3894997612466694,0.19305557183974945,0.10428256331957621,0.10672166312022875,0.10339681844314942,1202,0.4909682418551857,0.1352747551104643,0.08166586092226125,0.08607345437513182,0.09871488545266902,512,0.24817531437245607,0.30083365678145174,0.12905758087981195,0.11519041834912543,0.10974047165777524,86.0,0.4116097388246572,0.18176953691730077,0.0990330632544401,0.10125301316033736,0.10236815426833379,1800
16658,166581,WT,3m,0.41547611468828344,0.17657716300941428,0.09445151674139123,0.09900160358055096,0.10267803481800389,1216,0.5135601615587936,0.1258931943672118,0.0782019429456655,0.07612806937314384,0.09467915762000717,487,0.2694449143294805,0.2769063913767808,0.11829112151752838,0.1077494470959372,0.11831012073621326,97.0,0.4341438393500248,0.1682709643554598,0.09133979408848392,0.09328445339276496,0.10135628989502717,1800
16658,166582,WT,3m,0.3505016319178967,0.22425140579006628,0.12116016803666489,0.11815024332319736,0.09995121052886452,1185,0.45169782002280684,0.15663016834379812,0.09354524287121478,0.09333653437267078,0.10552169069333737,499,0.2164841540231168,0.3535019870760497,0.16415909231551948,0.12476430621130224,0.07864697805199701,116.0,0.3699187821559832,0.213834777980892,0.11627573890265797,0.11169757139470146,0.10012253199261746,1800
16658,166582,WT,3m,0.32623294998806446,0.2205624096469082,0.12314118904557082,0.12772550298553992,0.1126001703170646,1171,0.42865088435948995,0.15342619380433875,0.0924507967503461,0.10325842436896311,0.11838985283144793,529,0.19460009636662368,0.3410711398591488,0.1585057393389339,0.1327677888764382,0.10034136710903896,100.0,0.3490195066104756,0.20752675122496644,0.11608632099288327,0.12081502743049587,0.11362064905556805,1800
16658,166582,WT,3m,0.2913863770173631,0.25535999152292504,0.13749775209357942,0.13476629933851933,0.10692901426237714,1274,0.398309384315354,0.20208186544316598,0.11997299249378786,0.11197738507701169,0.09132834345046162,443,0.17696940033826716,0.3879447805960554,0.16419870007120624,0.12783538202400266,0.08285268326404548,83.0,0.3124254232221659,0.24836128465611199,0.13441592441548794,0.12883810203021223,0.10197932946096595,1800
16658,166582,WT,3m,0.28837138430843773,0.2598053678109076,0.13776075873875157,0.13485640205984328,0.10839114198568672,1273,0.40508606745050674,0.2110033254900807,0.12147192496257411,0.11164708033046089,0.08428944339536132,465,0.18289836471996812,0.3725753412565621,0.15597936708470322,0.13021302139539298,0.09493639655594158,62.0,0.31488971788986936,0.2510824726300443,0.1341803398562663,0.12870072194575508,0.10170142861838367,1800
16658,166582,WT,3m,0.309305410131151,0.24579730019796922,0.13384355022755837,0.1297175061689631,0.10485040760254856,1286,0.4048572609384328,0.2103475883508977,0.11924647222727043,0.11091118544562716,0.0852779308148739,435,0.18084950370071562,0.38888312824525106,0.166093209539097,0.12690601068196783,0.07988079035203548,79.0,0.3267593204051305,0.2435101645103354,0.13173132475838412,0.1250492519144499,0.09902450362175466,1800
16658,166582,WT,3m,0.2931149779794966,0.2624057963453386,0.13311534821285592,0.1326862854512358,0.1087843497146761,1280,0.4008491043051567,0.21778189617967547,0.11914986126031679,0.11213317631422959,0.08444222758259824,453,0.17537393006293106,0.3884783956476821,0.17029840521420803,0.12654627559309067,0.08388892397310412,67.0,0.3158454829878934,0.2558681504443451,0.13098473667373944,0.12728520817370273,0.10173158590883355,1800
16570,165701,KO,3m,0.36633537171822994,0.29542393518446836,0.14813438227442804,0.10254288264654071,0.046309839235727374,1272,0.4202007937220698,0.2584796275063065,0.1460096883729958,0.10043974368994649,0.04062458680903268,416,0.18653580220999944,0.4614545617067485,0.1823138756326209,0.10380665600746343,0.04010704833172577,112.0,0.36759674047860524,0.29721648972690173,0.14977006593727346,0.10213545865236304,0.04460996279642006,1800
16570,165701,KO,3m,0.3632521019367791,0.2836085862205526,0.1448933411072693,0.10006965012695905,0.04818002009105531,1255,0.41325625682732725,0.25994513378736017,0.15148364191991032,0.09696941088024896,0.042486568140469846,409,0.17792655999177803,0.4655868916379926,0.18417037995263758,0.10138147775446976,0.04497146414198959,136.0,0.3606117828510647,0.291981195938106,0.14935840239356946,0.09946432274109074,0.046643917059465106,1800
16570,165701,KO,3m,0.38784889789814414,0.2600091900471673,0.13578037368082668,0.1011296124548698,0.05172540804061519,1266,0.4368866992059437,0.23213547935340795,0.14492120623124202,0.0963068370898155,0.047541907084700935,382,0.18978612941498588,0.4425473176866158,0.19302204083006683,0.10154925468168818,0.045675604541362415,152.0,0.38153050861488824,0.2695081000006007,0.14255400225912845,0.1001415488043285,0.05032670387558982,1800
16570,165701,KO,3m,0.3796797244197959,0.2787928848467975,0.1406901639170652,0.09998831997313601,0.04862812351213739,1266,0.4325429760226659,0.24566312817452818,0.14240493643143312,0.09629617999111204,0.044839031264847014,402,0.18473201542005077,0.44081894177515807,0.19340982674363372,0.1068053723658445,0.04621593932790297,132.0,0.37718968528445557,0.2832758166980705,0.14493923838588907,0.09966365921928261,0.047604999403398685,1800
16570,165701,KO,3m,0.38623532168526975,0.28404814914174553,0.1419492088020148,0.09699885608882798,0.04623746752140849,1240,0.43702877098709175,0.24576897943916984,0.1422806594222116,0.09712037658198877,0.041739942232803535,403,0.1859712875300718,0.45313018220755924,0.19001813135511558,0.10260641521632573,0.04372669851946421,157.0,0.38013993652208544,0.2902255790312982,0.14621609515800155,0.09751516694536184,0.04501152672995679,1800
16570,165702,KO,3m,0.3931976861719628,0.2824027433751809,0.13821307686521064,0.09295171697695281,0.046199885948595136,1191,0.4818010670529479,0.22739101492602046,0.12411932654128086,0.0829037247150536,0.04173339929370879,428,0.19722302369890776,0.4593814353481103,0.18138635089590469,0.09463035096873877,0.04228316738385876,181.0,0.39455926012165093,0.28711836752565845,0.13920320878794046,0.09073132367940859,0.044744006866090334,1800
16570,165702,KO,3m,0.3069090462644168,0.3268530208216802,0.1622747796781665,0.11072184729532918,0.057745600916167955,1215,0.39148635956460703,0.27688295556484477,0.15008451431463377,0.10095642685958411,0.047880995445933126,471,0.1512356408765419,0.4764060923596375,0.19289775840420387,0.1035915698977501,0.051255885032601964,114.0,0.3191807942367345,0.3232492149435455,0.16102444889402445,0.1077149780461292,0.05475334714549733,1800
16570,165702,KO,3m,0.3544937773598092,0.3121970110788843,0.14385752452179326,0.09778807162492965,0.05152975332161615,1221,0.41142895641477123,0.2752252163516505,0.14315421483198126,0.09440623730744294,0.04488832184174404,433,0.15556064001904887,0.4855181897955332,0.1793535238158139,0.10295335200303644,0.05256320653972308,146.0,0.3520541631815023,0.3173615138431835,0.14656745941137017,0.09739351422255846,0.050015944621093364,1800
16570,165702,KO,3m,0.36714673843253764,0.2882239037975019,0.13312950648817587,0.10052279053502394,0.054284066407482706,1197,0.4191166176307108,0.2674359494355805,0.14168245182612985,0.09267159373448615,0.042818353677501086,384,0.1679825318511226,0.48853921843755066,0.17038760306274606,0.10013267701919328,0.04928140632835532,164.0,0.3598650786805298,0.30247555831096334,0.13851326514032705,0.0987584133499221,0.05129078850416475,1745
16570,165702,KO,3m,0.35756803101670126,0.2852313377464487,0.13865761887288391,0.10125251799645706,0.05410467257150811,1128,0.4235150971453041,0.2699936544727641,0.138796713920921,0.09218399838897469,0.04270038608497521,390,0.17531287746645985,0.470354089547444,0.18412052634826964,0.09947936045983298,0.046819295786259214,158.0,0.355732136941055,0.2991374823215205,0.14297586854462938,0.0989751423773015,0.05076412289261959,1676
16570,165702,KO,3m,0.3241073662314303,0.31140980046506694,0.14733443550300226,0.11002466303267314,0.06061100040227345,1185,0.39447236792050255,0.27678744701977814,0.14792738229965383,0.0985451228213883,0.048522372665693106,463,0.16088383418671956,0.48152467142656125,0.17257050872334773,0.1057991992329419,0.055151631546082436,144.0,0.32917143273120836,0.3161343494456956,0.14951553422542382,0.10671914188033713,0.057048955894835836,1792
16571,165711,KO,3m,0.46394257452973287,0.23518276187359793,0.09791241355556375,0.11379807239251814,0.033291468761171776,1217,0.5457693323291409,0.18437491929079183,0.0926967217455522,0.1043881193752585,0.028858213178551303,462,0.2822723182202468,0.38606460716365976,0.12540598725074933,0.1354301247503167,0.03873301681817352,121.0,0.47273249735744327,0.23228469521073186,0.09842189844494827,0.11283700574880684,0.03251939278101986,1800
16571,165711,KO,3m,0.4482187921582564,0.24073903342778785,0.10828165379788209,0.11296654264633922,0.03625699357561006,1223,0.5002155523493051,0.2019233080281096,0.11134223217483137,0.11462444926606821,0.03516513451767692,455,0.2593961661835873,0.3817904155367319,0.15167347578635895,0.13478870800741852,0.04164459607562995,122.0,0.4485644396682662,0.24048742985025318,0.1119963012668299,0.11486468247191052,0.03634615559430054,1800
16571,165711,KO,3m,0.47851953850400886,0.22880649720139778,0.10039876620934007,0.10237024494306027,0.03466151411491188,1220,0.5538585228235292,0.1827401213170497,0.0957889832065755,0.09305988836750559,0.029986448212408333,463,0.28961673964601,0.3851146365446679,0.13895697906448032,0.11910780979041366,0.03808004931945783,117.0,0.48561971754487115,0.2271172306840141,0.10171931141699085,0.1010633560500928,0.03368118806273007,1800
16571,165711,KO,3m,0.44240215279947526,0.223525882549533,0.1127819065144079,0.10608641332424301,0.0419612584214843,1195,0.5922741036343965,0.1701610413710177,0.0891930698399995,0.06872514561635264,0.022419329404205476,483,0.28608875577145143,0.39838809517879487,0.1577809013425567,0.09734057106399809,0.03229735913454954,122.0,0.47202321825272414,0.2210580890226147,0.10950216721179397,0.09546836606943138,0.036062509850177796,1800
16571,165711,KO,3m,0.43622749477702333,0.23994848508961492,0.11955494916069222,0.1038008657586108,0.03776002166155074,1155,0.5706925734085447,0.18225772330273965,0.09854450737276245,0.07730421743444049,0.02402372257442533,493,0.25935287701158344,0.3999018913059051,0.16748422813430613,0.11089668143021116,0.035529515577692274,152.0,0.45811990692424187,0.23765480296958527,0.11784778393988107,0.09714293040209264,0.03380944812005112,1800
16571,165712,KO,3m,0.44681230150282636,0.24514260378858538,0.11287801961870743,0.10238664425249763,0.041651685017518765,1143,0.5316835075509314,0.18703463749818922,0.11033345606876413,0.09726108463766352,0.03177737704404332,502,0.26432393548502103,0.39846923711036897,0.14306237919293913,0.12184865831010602,0.04296435653040845,155.0,0.4547676618935979,0.24214006439252847,0.11476757785867098,0.1026330782815435,0.039010885840748334,1800
16571,165712,KO,3m,0.43747255192159756,0.241997169654104,0.11186493580519408,0.10916128182651379,0.04328697906726198,1182,0.48786013528108624,0.20447110926930281,0.1179167920079408,0.11314724520614716,0.04175748038631255,463,0.24795899184769857,0.39796033989660756,0.14515507994982463,0.12884970630304884,0.049331757190796,155.0,0.43411413485714695,0.24577479489267354,0.1162882590075771,0.11188195229242112,0.04341408057829985,1800
16571,165712,KO,3m,0.46966603488966435,0.2065626414635646,0.10132897090382183,0.10153272969866133,0.044134977484084285,1120,0.6225215544641884,0.14396843561756248,0.07378762048198552,0.06379765595124252,0.02777150352249689,466,0.2969401638466848,0.3872274302175284,0.1297809042851754,0.1108764917239796,0.04279153033163667,214.0,0.4887034436221815,0.21183673305751527,0.0975814400410629,0.09287440786928408,0.03973893495257123,1800
16571,165712,KO,3m,0.3721431876189555,0.28271160514502885,0.12740635921175925,0.12301457366426943,0.05159545081365102,1166,0.46257381245215096,0.21795481578542694,0.11992344386994638,0.11690208478226337,0.04698019453331775,523,0.2294140279933378,0.43005538987693276,0.13592348033448282,0.12348972185616713,0.05048650582780033,111.0,0.38961667654635423,0.272982360295123,0.12575737905667822,0.12126785686649805,0.0501860775202934,1800
16571,165712,KO,3m,0.416473818382102,0.2532593439283675,0.11720430532742346,0.11678830890109822,0.048090326483189075,1207,0.48536287539448897,0.20793480731924505,0.11642835285819214,0.11174037530231282,0.04354802960400812,463,0.24867096708879285,0.4091505080334949,0.13616467683682157,0.12420292548532884,0.0508466173733193,130.0,0.42207451989799366,0.25285967219705796,0.1183740732735166,0.1160253682898273,0.04712101223910916,1800
16571,165712,KO,3m,0.3904417707777013,0.27725981329782573,0.12153564059597444,0.11604846973810529,0.04993311597366149,1168,0.4740983309529492,0.21518844053537953,0.1188170082231334,0.11181114586096028,0.0445905186670667,528,0.23442490037860944,0.42061383416351816,0.1370661127117325,0.1248531948057993,0.052148017471412414,104.0,0.40596672036160425,0.2673348873819704,0.1216354912666293,0.11531423884916507,0.04849392618359707,1800
16593,165931,KO,3m,0.4264476346999068,0.21863485326143042,0.09754227003091503,0.1313879562330969,0.05612745374820825,1146,0.6029599508538592,0.15825344699335314,0.07520488097377494,0.06122235570767739,0.03537131298106187,425,0.27846100740121627,0.38931240910329756,0.1360365215871717,0.10009112377088174,0.04760236511884661,228.0,0.4493919278301616,0.22600138192625135,0.09714388148480162,0.11084540035500444,0.05014352932712339,1799
16593,165931,KO,3m,0.38304375905547716,0.21838271927691053,0.09158161868520046,0.18029382583806836,0.05445751745817305,1162,0.4891874996437419,0.1763973594521847,0.08844056576177563,0.13651806150640744,0.047773140891412845,437,0.23513570735928194,0.3637343978005848,0.127928522540021,0.17045771990504954,0.05127595417412174,200.0,0.3923840616112485,0.22434310474735505,0.09485940670266986,0.16856662728357164,0.052480093769187795,1799
16593,165931,KO,3m,0.4530410369715093,0.2327885189486167,0.10719925295657165,0.0846302024955736,0.057155426507758775,1187,0.5428732660968058,0.17949686995873035,0.0968280589161969,0.07285703657186812,0.04684135966570626,425,0.27119859047543116,0.3923470965444356,0.13950772207971776,0.09360502102575592,0.05128610415588482,188.0,0.45525899110316953,0.23687077548601243,0.1081249389165673,0.08278779714340662,0.05410714261330066,1800
16593,165931,KO,3m,0.5268239916959636,0.20740362344167632,0.09551162349211488,0.06994334015056076,0.04107561552075595,1129,0.6757050987185096,0.1310782897495678,0.06967348867314553,0.042599414739878994,0.021276378758767985,559,0.3726798329381814,0.35669512362171973,0.13526740029105633,0.06451051550105716,0.03046832433662266,112.0,0.5634686544985923,0.19298961593405195,0.0899611399574913,0.061113489780941034,0.034266843319325835,1800
16593,165931,KO,3m,0.40495738597146486,0.1416656603045375,0.08768402745202401,0.10995400382018837,0.08327002758178235,965,0.48736718333877466,0.06713050719462015,0.031081810964127182,0.022125761080095088,0.007274932945305581,678,0.3618561914818734,0.320715808769396,0.14007584528956435,0.08200836575462682,0.041459866747827756,157.0,0.43223902768267053,0.12920790447145905,0.070933590019635,0.07443455173459035,0.05099843346263672,1800
16593,165932,KO,3m,0.257953417158909,0.10341407378789469,0.17197916233393742,0.2072048796739526,0.08314718301211091,1115,0.44718126356671695,0.050468135284482185,0.0986400663964024,0.09093318917338124,0.016149395603796374,599,0.2773608289979966,0.26579147772502093,0.21618780669276505,0.1461649117784972,0.043552760872552436,82.0,0.3219505707051686,0.09316926864273894,0.14953762022416037,0.16563916699173123,0.05899438943024887,1796
16593,165932,KO,3m,0.18565050108201112,0.047774445043523066,0.20051014588116509,0.3191146438577071,0.041340611747887904,1335,0.38459689549602777,0.04292194313420349,0.17577666964787525,0.20089807822040162,0.012593333190718712,409,0.32561801121482503,0.27691307735520904,0.17882207782826656,0.15341911762631266,0.017046127886950996,56.0,0.2352100876835502,0.0538006062260468,0.19421541055317743,0.2870982411829204,0.03405276284450198,1800
16593,165932,KO,3m,0.17217748350866716,0.025987840489696427,0.2513211919866159,0.50019747940865,0.01638492390311071,1315,0.04038808156188898,0.0038454361491646596,0.33740050988597303,0.5868365874698809,0.015731300968790513,477,,,,,,,0.137072307187483,0.020435948954810223,0.2741155150817076,0.5230429569263779,0.01619417560480576,1800
16593,165932,KO,3m,0.35318819703034554,0.1417788660371179,0.14863653090731246,0.23115180676260655,0.05530341417229162,1182,0.5393416189611084,0.11766712544227625,0.12278850680638104,0.12207764576853238,0.027776998613840292,340,0.295112228022907,0.35996340405313243,0.12654571665899855,0.11546246605028489,0.05077485923278986,278.0,0.3793809992927853,0.17092181590723227,0.14034232282100803,0.19268133373148955,0.04940456997059442,1800
16593,165932,KO,3m,0.3076356233311514,0.2151555611164625,0.08546172460443667,0.28804853530289243,0.053053351599960975,1290,0.36337200057163893,0.1894065355407826,0.08964706005910272,0.2690939661488778,0.048055675373796534,429,0.19218356574648998,0.34896814667448367,0.10149755088481603,0.2687166516034832,0.04801741330865203,81.0,0.3157241173154912,0.21504027637103645,0.08718084173708247,0.2826610948880456,0.05163562154294954,1800
16593,165932,KO,3m,0.35452669447385166,0.20432192438425692,0.0853847506820661,0.24389723494178714,0.05842823910772363,1324,0.40763162371059436,0.17842251356184025,0.08813710191180511,0.2290477639925738,0.051582866101110326,367,0.2173097888653832,0.3666379067430774,0.10126319161134303,0.229753277223868,0.0441601922421559,109.0,0.35704495353971916,0.20887045677608163,0.08690745232795798,0.24001309759200132,0.05616853410673809,1800
16595,165951,KO,3m,0.3471082841634097,0.29051803189380393,0.16662114641232456,0.11915962809135161,0.04622528723211423,1254,0.4398730492280216,0.23413483874796442,0.15868815858885035,0.09830917952259967,0.04340014221978025,463,0.21927081204145216,0.43403756039824704,0.1709839192718675,0.11425125824471322,0.04589365834248466,83.0,0.3650747152960724,0.282632866582329,0.16478177795958762,0.1135700989887943,0.0454833053773643,1800
16595,165951,KO,3m,0.348941755033178,0.276922344613429,0.16701114583920698,0.11604900001045483,0.05103662338983857,1231,0.4350641240648583,0.22560363381291187,0.16617561222477475,0.10194140706518588,0.04674970903963403,456,0.20933133301379478,0.4349765585615822,0.18146147602025312,0.11416630208599725,0.045089316634241705,113.0,0.3619949898055424,0.2738438968640432,0.16770663694047205,0.11235688487239576,0.04957724638590762,1800
16595,165951,KO,3m,0.35317884277344086,0.28104779921942785,0.15607194366590027,0.12077423860609587,0.04891378318260904,1258,0.4186685084285432,0.24516945536947068,0.17012521673602604,0.10950121518479387,0.03758944927752522,423,0.20066305472231102,0.4361188281308711,0.18935854849674016,0.1201240550660818,0.039615384642096914,119.0,0.3584859259923429,0.2828683064371667,0.16157507726786313,0.11808209374583344,0.04563783725584716,1800
16595,165951,KO,3m,0.3817925061971763,0.2559537961866484,0.14258565746702387,0.11812041444543372,0.05138236611708182,1286,0.42491309996081794,0.23093733590935916,0.1690910801566767,0.10998892372842936,0.04289085799973487,368,0.20300617583753844,0.4318509002987111,0.18958763016200963,0.11939933776208808,0.042317385686932225,146.0,0.37610671412635016,0.26510652941904767,0.15181692611327952,0.11656171123453037,0.04891105382264543,1800
16595,165952,KO,3m,0.36251328838339186,0.27113118720777707,0.14685746156179763,0.12375803834421165,0.05373885348382976,1252,0.4252499272932492,0.23897277694170233,0.15511203080705077,0.11053526577471826,0.04734074181954907,424,0.20619168108135147,0.4317403702183207,0.17648476653899628,0.12065283787658417,0.04953656698499945,120.0,0.36687951445328865,0.27427034979600057,0.15078575441104664,0.12042892942128264,0.051947609761382844,1796
16595,165952,KO,3m,0.3463617182200497,0.2933266717831471,0.1592176806251719,0.12192537236316409,0.0484171735157211,1243,0.42848061879875743,0.23709349220660356,0.1561512721098805,0.10999887124317057,0.0465608160167235,444,0.20356576835311804,0.4500685026244861,0.17668469848624166,0.11632333247000931,0.0405936402143156,113.0,0.35765330128781797,0.28929572464597264,0.1595578404237894,0.11863181847138432,0.04746812796426902,1800
16595,165952,KO,3m,0.34453584804012544,0.30395987261216434,0.1571544953766272,0.12249875930181847,0.046970588455828924,1257,0.43784944232223544,0.2532587479095743,0.14765294209493562,0.10640899784364058,0.03574759334697563,415,0.1950216948462317,0.47540655744162374,0.17208445762756538,0.11249508498515784,0.03471946602201822,128.0,0.35541769805026835,0.3044622108936066,0.15602554568563726,0.11807780301422045,0.04351187365488343,1800
16595,165952,KO,3m,0.34553527935302475,0.3014801651818562,0.15704423687828475,0.12159246823008449,0.046097804308141054,1226,0.42885359337666545,0.2546468274941628,0.1502103263064591,0.10993794294050309,0.037995846435774715,431,0.1872899971239435,0.48316677046421797,0.16960655826730053,0.11255133342260902,0.03673497754073539,143.0,0.35291367823381947,0.30470017407740163,0.1564059016017139,0.11808358896492971,0.04341401093551389,1800
16597,165971,KO,3m,0.2878850666264872,0.2904905092530857,0.14615852207770594,0.14154925846495656,0.09145611486688461,1196,0.38229372715951404,0.24281634987837764,0.13721006535853478,0.125837715022439,0.07033873098461482,442,0.15440731367648872,0.44264177576754304,0.14518869002543752,0.1333114615958307,0.09250258382093189,162.0,0.29905463994743064,0.29247746854848633,0.14387389393196087,0.1369497999680726,0.08636480614165816,1800
16597,165971,KO,3m,0.2781656418498921,0.28269341285611516,0.14336844234810298,0.14948745526293175,0.10265806520671528,1204,0.36345697298856094,0.24250152309043674,0.14168763838936055,0.13492281488436836,0.07726553077768297,446,0.14582221420298655,0.4337460407631848,0.15261210628131425,0.14022264479492924,0.09813005233521555,150.0,0.28827031937256453,0.28532247471754174,0.14372228180609328,0.1451065934967986,0.09598902504778563,1800
16597,165971,KO,3m,0.31962122815341226,0.24964551108542712,0.1352612451295263,0.13396679875314443,0.10707443774803099,1232,0.3760071658728939,0.2092246045213989,0.14508327781301356,0.12416186676171051,0.09670955472714989,418,0.17057086382136596,0.38452625363029036,0.15633361008298066,0.14056442881899328,0.11074297991283946,150.0,0.32029443221837695,0.2514989402176303,0.13929816979881288,0.1322396781628433,0.10497319342691598,1800
16597,165972,KO,3m,0.37050739977185027,0.23230737785148606,0.12597133675691322,0.11441008434803031,0.09837417049866566,1196,0.44594940593559557,0.1820998325739081,0.12728665460313912,0.10057633224467025,0.08884325946306518,443,0.21540078432688425,0.3725099787994234,0.14558262851610193,0.12290412619191643,0.10322233410264486,161.0,0.3752010906851279,0.23249108684851433,0.1280491721897507,0.11176518910085097,0.09646214869392658,1800
16597,165972,KO,3m,0.376766027472285,0.2135927336981088,0.11684140853008484,0.12277684540615692,0.09691950922266356,1239,0.4914316363433966,0.17090972454885875,0.11110501077138801,0.1003302687077563,0.06857786921510253,433,0.2192289354421799,0.35989799623737395,0.13539315723858214,0.1334156921481218,0.10805221531503176,128.0,0.3931468390619171,0.21372902849999806,0.11678072164406925,0.11813373689091473,0.0908934293651909,1800
16597,165972,KO,3m,0.33006693745121346,0.2459786821909379,0.12334681581581464,0.13690783272547746,0.10568037867824118,1269,0.42362674659419675,0.21988648893720794,0.12124887872870922,0.12001462260429817,0.07431052057124991,442,0.18536279692524843,0.37732272706692654,0.1347151642080576,0.1398754851966265,0.1216339271776316,89.0,0.3458862525258733,0.24606583251083478,0.12339375737937522,0.1329063450567947,0.09876615008554984,1800
16598,165981,KO,3m,0.38671330100212936,0.2054845226223734,0.1334165514055544,0.13378543016713693,0.0670796196589087,1237,0.46892342185878194,0.16853728023558823,0.12301434079806854,0.11885678197741002,0.06139495437619975,425,0.18793601922838368,0.3240851522151395,0.20384326562165536,0.15830605962525265,0.07539190331213202,138.0,0.39088443237951853,0.20585358310538343,0.13635985532424355,0.13214052538079585,0.06637468210279399,1800
16598,165981,KO,3m,0.377715556001785,0.22012833529162584,0.14274102496544655,0.12885864335988623,0.06855470789898586,1202,0.44949539909642067,0.17729742298936413,0.13269393965420626,0.1216735066120431,0.06484373267012365,444,0.1834896426036365,0.3339077596003931,0.21810031597438692,0.14777422878327823,0.07521726435144128,154.0,0.3788041447077314,0.21929783878126247,0.14671014993054993,0.12870464304830845,0.06820935272790993,1800
16598,165981,KO,3m,0.36142836963855207,0.20254927433596764,0.13232070576093702,0.13804305739135328,0.0876839321010147,1207,0.47070866638801545,0.154958630346472,0.11776752829089938,0.11117602231191014,0.07862840109978586,450,0.19961698470279168,0.30624486081307867,0.18526518456680616,0.16067674924111383,0.09386104334466962,143.0,0.3758934282449103,0.19888965159760866,0.13288855609856054,0.1331244196962235,0.08591078652173118,1800
16598,165981,KO,3m,0.333827927671404,0.20940114145925567,0.1326725541711731,0.1504464476088518,0.09720031800024656,1165,0.40961350014948994,0.17624005582370272,0.12852343324879686,0.14072412250359653,0.08205650490925814,465,0.15756613908538591,0.31648568850331527,0.17825333706531127,0.1803090516308323,0.11177728332315477,150.0,0.33877232256713846,0.20976225226604037,0.13542973181455273,0.15042313829949974,0.09447260547840756,1780
16598,165982,KO,3m,0.32644934547929355,0.20409068645048928,0.13988800694056064,0.1463183110938032,0.09972669537294034,1164,0.4266587364446668,0.16321637895979071,0.13012618177966706,0.12420160023157134,0.08497625901418131,461,0.15334599783503583,0.3044145233898063,0.2162564055764799,0.16662027116957157,0.10586719038853028,168.0,0.3359948930703709,0.2029815670152373,0.14453367875966966,0.14253410896621824,0.09650954646118973,1793
16598,165982,KO,3m,0.34071135403351394,0.1994593054568063,0.13892253568981464,0.14888986977474775,0.09264571517720901,981,0.4547705231163261,0.17305811044727465,0.11685454674273592,0.12031483736613602,0.06744277351541782,377,0.16035954218574222,0.32854336199171613,0.20910174036271817,0.16295330032519417,0.09329601873514934,129.0,0.3539829902244068,0.20396407531182306,0.1394158010359854,0.14286525331406244,0.086312413329515,1487
16598,165982,KO,3m,0.32420159873494137,0.20319452699006713,0.13463336116669836,0.15614473340195753,0.10277757478525858,843,0.3996616525455878,0.16965855203569824,0.12183216215430022,0.13179929344409425,0.07792533987508676,297,0.14067246776481424,0.32677504437158045,0.1921940661408351,0.18429754725473907,0.10873135821704695,108.0,0.32627731174534863,0.20590807772384587,0.13656813683218275,0.1527872880723221,0.09737845206275227,1248
16598,165982,KO,3m,0.280817413329955,0.2222950745633012,0.15288108013544593,0.17267416397791513,0.11385508270116815,1194,0.36584080177423034,0.19571003518409383,0.13857555240292424,0.15718385064522417,0.08875614076264626,461,0.14039969592252796,0.33043062207976953,0.18587555036598968,0.18423631633234122,0.11029227340318327,145.0,0.29128142057925166,0.22419726969445306,0.1518751634125217,0.16963831822514916,0.10713996071124236,1800
16598,165982,KO,3m,0.26998976483920367,0.2315404443710181,0.15674681384860426,0.1759562463963998,0.10905001962252632,1197,0.3507805741904742,0.20110432816608598,0.14365427106076242,0.16489659944380475,0.08646680344794842,465,0.12764152671819415,0.331459290312436,0.19874321809334375,0.1880393755073479,0.10934485518109595,138.0,0.27994735899900447,0.23133822587358596,0.1565842979538418,0.17402554416548544,0.10323862617025072,1800
16600,166001,KO,3m,0.5121009965146217,0.17440889616521205,0.07713218925365845,0.056453202976659275,0.026656825792694374,1166,0.5967849674306122,0.10460541301052818,0.05379714086810844,0.037274890431434254,0.018505137555145483,444,0.35622102125050653,0.3382312107592454,0.14652810189853455,0.06416321113828286,0.032285294065557975,190.0,0.5165357119515761,0.17448305908309353,0.07870133476440415,0.05253638674367515,0.02524019212290125,1800
16600,166001,KO,3m,0.45912955110693904,0.18222856531371362,0.09101561696716216,0.04922460304359076,0.08535590287767679,1170,0.5750727553118752,0.10393846982837292,0.05956460703666388,0.028630114166087572,0.0505839611771897,486,0.3366118988646942,0.3247699993674582,0.13927977644319003,0.051123316590428916,0.09015752774294054,144.0,0.4806328040628922,0.17249355425697122,0.08638497704400985,0.04381598813041195,0.07635160860776637,1800
16600,166001,KO,3m,0.43892244257574464,0.23162624114498753,0.09215582153686958,0.05520246189119503,0.059648341261580626,1232,0.5231666269472812,0.16394848737714476,0.08415831132648897,0.04942859731208271,0.057983317087073105,422,0.2573659231159439,0.4237070818135261,0.12729577289949365,0.06355223737688452,0.07618066055172582,146.0,0.4439467725555544,0.23133945817141918,0.09313109019807096,0.05452607098482018,0.06059894038086897,1800
16600,166002,KO,3m,0.40616111719215375,0.24608995226267083,0.10705950375767755,0.05686075165726622,0.0734354617590782,1222,0.4879636035377256,0.20345090082458983,0.09946456143848792,0.05231789484406931,0.07353801722581907,412,0.23114006739375292,0.45140618297962487,0.12029475924579738,0.05840175690917518,0.08270715715759928,166.0,0.4087439672520654,0.25526506621074024,0.1065416905218563,0.05596305713769941,0.07431399191932918,1800
16600,166002,KO,3m,0.38506798758032934,0.2542396636749949,0.1096420190034294,0.060667191127119165,0.08064851509481256,1173,0.46733339015912106,0.20404122626791318,0.09674609763354945,0.0550316616309086,0.08248385297666265,443,0.22170777378481957,0.4544776032488491,0.11241262841057764,0.06089488698315798,0.09091452353498788,184.0,0.3886153731381243,0.2623540376251349,0.10675140731679521,0.05930350027750242,0.08214962633628581,1800
16600,166002,KO,3m,0.4477759532917909,0.21120446256582717,0.08808857048603681,0.04805151634891348,0.060467944098677825,1175,0.5476217544792658,0.12285123760547043,0.06615760897113841,0.0349521243137029,0.04459393927717687,440,0.2890428143274579,0.38398462017162843,0.12175303182682129,0.05710038173085786,0.07739663353465147,185.0,0.45586846541072834,0.20736496821833622,0.08618762730908672,0.045779465015672954,0.058327524889897106,1800
16600,166002,KO,3m,0.37840630646332474,0.2559915012730045,0.10597811256224875,0.06058423980750385,0.08244518292091135,1210,0.46749142211311273,0.19753808485042285,0.09506914511719965,0.054762473179044154,0.08110259356258287,446,0.21335252516659103,0.4548464774096963,0.12226290090097851,0.06163007683121017,0.08878826432799482,144.0,0.38727531594836684,0.2574164417392335,0.10457789591796275,0.059225402371459776,0.0826199656258033,1800
16638,166381,KO,3m,0.3328522281732093,0.30629485667799355,0.177259185137654,0.10980788687495786,0.04163541026184426,1202,0.4287759897416151,0.25401348750089175,0.1523513410037017,0.0964971787773455,0.036116128567367116,469,0.1669062971791262,0.45974108592094315,0.20967124029837744,0.10344668997813387,0.039075304306980835,129.0,0.3459529054384013,0.30366963524926005,0.17309217192482607,0.10588382215414094,0.04001385649357361,1800
16638,166381,KO,3m,0.302163860326533,0.30817708141195566,0.18306139826487017,0.12103773438193334,0.05165058557326169,1175,0.4005210540697174,0.2559047895582999,0.16224101341545571,0.10792282088894033,0.04441817731292294,455,0.12941363731814942,0.486590134058048,0.2125902283497787,0.10990197521100481,0.04352083963441646,170.0,0.3107110743497128,0.3118139292766347,0.18058730160262063,0.1166708651050613,0.0490545841465629,1800
16638,166381,KO,3m,0.30103696091496474,0.3120993410867814,0.17970797822917034,0.12092288867573053,0.05265325974052192,1168,0.41179962042944496,0.25334641457863,0.1574671560652117,0.10669519686491569,0.04248270660495264,450,0.13441428653624776,0.5083943805184857,0.19215049777746276,0.10544509764734228,0.042292487152953015,182.0,0.31188022205084787,0.31725871900228253,0.17540584966473022,0.11580098907460092,0.04906303222833097,1800
16638,166381,KO,3m,0.33701830141010386,0.28041498520672115,0.16314010308039553,0.12295906855846152,0.05469477447931654,1204,0.4173354709051964,0.2329781459603732,0.1550299741726217,0.1133538907140604,0.04916969009689393,400,0.14541444722897898,0.4570750388112117,0.22184287590404878,0.11235012440857452,0.04410825953013149,196.0,0.3340030305092909,0.28910978232224394,0.1677299319194658,0.11966938845227358,0.05231422409986693,1800
16638,166381,KO,3m,0.35176117112175215,0.27037650567584826,0.1590661986449222,0.12069576596506727,0.05828633820274978,1191,0.4328723078658155,0.22219570383719192,0.1489412463570781,0.10987144191684664,0.051481562059918606,433,0.1711124387076574,0.4368940114029734,0.21252980045628728,0.11447874245877898,0.0438986305243679,176.0,0.35360947406914034,0.2750680577935348,0.1618581372994576,0.11748402793729712,0.05524261341317139,1800
16638,166381,KO,3m,0.36654741386980505,0.26702556427144,0.14679951663629337,0.11841107992718719,0.06021670990445993,1233,0.45011518758925007,0.21951222377329335,0.13834432064977434,0.1052586668014926,0.051129462596198126,410,0.1817959592194483,0.4554125048885281,0.18800974971405768,0.11004548510518229,0.04441562218687146,157.0,0.36946786322806424,0.27263460875624146,0.14846805899114682,0.11468558672241522,0.056768630922210635,1800
16638,166382,KO,3m,0.3436687717789217,0.2913487906807413,0.15896852015796092,0.11402505608088359,0.05539270446576965,1142,0.44210240564514774,0.23752454234839138,0.14210195059958772,0.10168135338259386,0.04524680626864035,440,0.15615456917870144,0.4803493085134582,0.1994357235675255,0.1041751883627143,0.04135850745567717,218.0,0.3450202732979725,0.3010818149147959,0.15974660890107253,0.10981477810876783,0.051212898824137945,1800
16638,166382,KO,3m,0.3424759011486788,0.29366881049328375,0.15182641713797887,0.11728183681008449,0.060709655113359656,1166,0.43943263646261965,0.23747126224637677,0.1360806701257076,0.1065974472521008,0.050301641452031885,461,0.16464288442401642,0.4835890449514333,0.18535213355255678,0.10561181656041707,0.043623179828664795,173.0,0.35021586952999,0.2975294387263036,0.15101595023079267,0.11342382731596062,0.05640184704551282,1800
16638,166382,KO,3m,0.3150818990985568,0.3120434299352314,0.1642657531135789,0.11989071553373429,0.058553902017994076,1153,0.4236359890472358,0.25017444758950597,0.14292321912933312,0.10849769607060362,0.047441351071653454,477,0.15682289487863738,0.49096875298457754,0.18375750083927084,0.10634157144225331,0.044218457690108764,170.0,0.3289020492030754,0.3125466523460524,0.160450868892958,0.11559192398958702,0.05425517294180242,1800
16638,166382,KO,3m,0.33631208097539517,0.2993383282115989,0.15610297057116176,0.11599295818085889,0.05662199164890865,1154,0.44016295560280216,0.2424793536787397,0.13431230193315494,0.1054998461933417,0.04738510102960009,440,0.15824917849957817,0.4749175489782339,0.19194590707923984,0.10981865974504111,0.04641116149821467,206.0,0.3413195403787511,0.3055335341468593,0.1548783876377957,0.11272136109625555,0.05319551226916491,1800
16638,166382,KO,3m,0.2847165400564349,0.3429719057551236,0.17362082320398198,0.12000074339332742,0.05254488593131637,1095,0.40965202458424427,0.2720182482240758,0.1464714963713584,0.10321156439415147,0.04237625472501153,516,0.14160906323763156,0.5041843635796376,0.18724441719787985,0.10578289188265125,0.04361153201953832,189.0,0.30550509388843256,0.3395591653344639,0.16726849354798914,0.11369497100494265,0.04869187615810562,1800
16638,166382,KO,3m,0.3563199858408758,0.26464480898353565,0.139317990820812,0.12655377425173076,0.06676623358235631,1033,0.436596448791438,0.216559236513021,0.12878622466828862,0.12005910115995247,0.06214985542234955,415,0.1711272778838729,0.44890319908108783,0.18160844794028666,0.1231518977617008,0.053466518962757885,133.0,0.3618127764583344,0.26752327407380183,0.14011112671176262,0.1245627945513753,0.06443564599171153,1581
16644,166441,KO,3m,0.49963262995485563,0.22226026993194964,0.10047446782082099,0.07307399737698018,0.04114528455143057,1203,0.6010695747691872,0.15751270273747345,0.07602597993893227,0.05794650914818558,0.03683641489182523,420,0.3062038245526233,0.38141630256114584,0.15397292560610734,0.08336076317388098,0.03726314025191253,177.0,0.5042807512136469,0.22280284746177617,0.10003050233060012,0.07055578209362334,0.039758137441403385,1800
16644,166441,KO,3m,0.4630124148011638,0.21702356707741532,0.0958257752619462,0.09732677726515106,0.05066664743077074,1142,0.5668671262887254,0.16068127491680279,0.08161206128438055,0.06734053402689626,0.04359432621032856,426,0.26655359709471665,0.38334798123954933,0.15991512761066942,0.10221685205884426,0.04680386046797319,232.0,0.46227000445994465,0.2251265935358565,0.10072226836775776,0.09086030933884011,0.0484949944222833,1800
16644,166441,KO,3m,0.43269587863774917,0.2655410055820359,0.11254305399772664,0.0866259642580268,0.0452584515902308,1245,0.5193273261842194,0.21311353383946122,0.10206668025139372,0.07567590607951695,0.039380365520087376,434,0.2557218447618668,0.43322560359335055,0.15470697815129736,0.09149721661625528,0.032564802643727374,121.0,0.44168709538007495,0.26417229092819794,0.1128514365625453,0.08431323997240033,0.04298788443635904,1800
16644,166441,KO,3m,0.49817636008025784,0.21183377681182503,0.09325513065104675,0.07925794506038632,0.045180415767776726,1124,0.6430905113086134,0.13781593345781548,0.06225900427113852,0.04857938132688286,0.03329184746534941,451,0.3091588873175642,0.38054762868202147,0.14775362876098752,0.08861640768017184,0.037044273868912195,225.0,0.5108582216538036,0.2143774264330116,0.09230119124960123,0.07274106830796502,0.04118465119464381,1800
16644,166441,KO,3m,0.4976773105528222,0.1939954975145893,0.09077896135726364,0.08124921903546438,0.04982816177011254,1121,0.6619607673840533,0.12320084178190625,0.05638525004603443,0.046894178477471224,0.03321075791386612,481,0.32997261410614526,0.3609147429789149,0.13532726430578976,0.08754912102464989,0.042812562071509505,198.0,0.5231299843524779,0.1934387092893204,0.08648851071454526,0.07276177797183327,0.044615906217235914,1800
16644,166441,KO,3m,0.4409467175689369,0.21639964759627964,0.09826774676317618,0.09296128559266487,0.0648905099170142,1197,0.5558608127805194,0.16226375947495703,0.07938906707610152,0.07229956066218089,0.05731623018585583,423,0.26757457018022757,0.3860826853237275,0.1385581606149201,0.10067604756779983,0.05984766137261417,180.0,0.4506143152047878,0.22064601766051362,0.09786029842188804,0.08887725643151463,0.06260626932575199,1800
16644,166442,KO,3m,0.40093105871437273,0.2717523941508714,0.11446086388881387,0.09629479093516943,0.060382170296926586,1260,0.5173105151150145,0.20473846449838623,0.09827596062096118,0.07796260233108507,0.04857236388235299,436,0.24984472012067105,0.4286146927567346,0.14700541858274155,0.0960105432818273,0.0430228391404278,104.0,0.4203913163682254,0.2645832862211637,0.11242087270180537,0.09183790427554257,0.05651858916524328,1800
16644,166442,KO,3m,0.3891277305783062,0.2695351780408953,0.11549200840188388,0.10182680127734538,0.06627948012307418,1279,0.4902778949208207,0.21658689191183297,0.10437736513502494,0.08715793434980676,0.05404066644470677,404,0.23241074249668783,0.430710695385627,0.15315606475120289,0.09902540149941237,0.048859009589363386,117.0,0.4016437187943209,0.26812763800378,0.11544555213136129,0.09835236460359884,0.06240021580168274,1800
16644,166442,KO,3m,0.3770038139391805,0.28380207606114116,0.11962493756017592,0.09976167628296603,0.06487350273899702,1278,0.4872524603920161,0.23270097558991315,0.10428669648928184,0.08374192385572161,0.04984900565595038,410,0.23321154053017973,0.44821064358959334,0.14681510720840926,0.09294329656809279,0.04624681401185847,112.0,0.3931689308413218,0.28239224737779844,0.11782305987214013,0.0956884779367238,0.060292262215947766,1800
16644,166442,KO,3m,0.39959126349994334,0.2733070492695884,0.11433077914571446,0.09763428640734624,0.06409135161964519,1254,0.49419380009539726,0.2237402230309417,0.10369992708416458,0.08212182835601495,0.0500026955242287,431,0.2488251920125734,0.441083306736374,0.143685000435371,0.09184506731470408,0.0428953632761353,115.0,0.41261103852860614,0.2721575867694904,0.1136606892622603,0.09355004773191423,0.059363713043740655,1800
16644,166442,KO,3m,0.4102290243924904,0.2735899512291549,0.11202988666817484,0.09387463492644273,0.05754862117318311,1243,0.49998859959877173,0.2261178165730174,0.10587631082808585,0.08005595485097194,0.04572461950408925,432,0.25038620165267966,0.44702263550670224,0.14368013064163473,0.0889231431723344,0.03982118428804768,125.0,0.4206711264184,0.2742405753198449,0.11275096207582154,0.09021429811429443,0.05347978876668841,1800
16644,166442,KO,3m,0.37793884790575544,0.29035124210893487,0.11505601554369856,0.0985401974760436,0.06314963885311378,1282,0.4849793337886365,0.23285861532076677,0.10361586473415897,0.08465068684939903,0.05167946825819483,411,0.2362634287923162,0.46042759140353395,0.13924131875493367,0.08881453221185624,0.04386308271290271,107.0,0.3939579422683811,0.28733385308925985,0.11388152968863267,0.09479062244781084,0.059384137952272514,1800
