feature,timepoint,tp_x,wt_mean,wt_sem,ko_mean,ko_sem,cohens_d,pval,n_wt,n_ko,scenario,pval_fdr,sig
wake_bp_delta,3m,3,0.4478178494115847,0.07721066084509107,0.6119171916311467,0.12450724067585074,0.5280194444958306,0.37722461666745344,9,9,A_animal,1.0,ns
wake_bp_theta,3m,3,0.10797628780418173,0.020824389676617972,0.1572382599242167,0.035181032262930366,0.5680289906998139,0.21637300805763748,9,9,A_animal,1.0,ns
wake_bp_alpha,3m,3,0.05318793905547279,0.010958961086313793,0.08398566737323189,0.026497728986837932,0.5063096043399404,0.47992869214595724,9,9,A_animal,1.0,ns
wake_bp_beta,3m,3,0.06166388565018981,0.013491469213665426,0.10124303995102613,0.040183016470897455,0.44017272163110627,0.6588432549492806,9,9,A_animal,1.0,ns
wake_bp_gamma,3m,3,0.03901962058782317,0.00935890170183267,0.05351059321569819,0.01887681405789191,0.32421818600367197,0.9296365245070707,9,9,A_animal,1.0,ns
wake_rbp_delta,3m,3,0.4896375883629828,0.041515163483735955,0.4956520648088202,0.02162547607171048,0.06056943622272634,1.0,9,9,A_animal,1.0,ns
wake_rbp_theta,3m,3,0.1942555006373789,0.008429584464910529,0.2132736061631132,0.012654419765600068,0.589622916233443,0.18532630419857943,9,9,A_animal,1.0,ns
wake_rbp_alpha,3m,3,0.12260633582276154,0.009522658028177068,0.12017128719840398,0.007570690789019045,-0.09435736610239209,0.9296365245070707,9,9,A_animal,1.0,ns
wake_rbp_beta,3m,3,0.12392227683753448,0.015899960838341613,0.1108324015130814,0.013082017481014514,-0.2996905019954555,0.9296365245070707,9,9,A_animal,1.0,ns
wake_rbp_gamma,3m,3,0.06957829615763357,0.014992293441544638,0.060070631771661734,0.005558224718961449,-0.2803069466888381,1.0,9,9,A_animal,1.0,ns
wake_td_ratio,3m,3,0.6187496665296942,0.08588728705676323,0.5903483888498401,0.048701590052098044,-0.13560114904176912,0.859819205054158,9,9,A_animal,1.0,ns
wake_theta_alpha,3m,3,2.0702691808750395,0.10265763141809087,2.315841198090111,0.11259278648530312,0.7597688723288013,0.1333202155896274,9,9,A_animal,1.0,ns
wake_theta_beta,3m,3,2.796297327560304,0.3978142111749196,3.18002728882609,0.3729445232680601,0.3317340382669108,0.42677673653298365,9,9,A_animal,1.0,ns
wake_slow_fast,3m,3,133.20059369781742,116.07434492729898,229.24526535000612,137.8829226586915,0.25120361898277543,0.859819205054158,9,9,A_animal,1.0,ns
wake_high_freq_idx,3m,3,0.1935005729951681,0.029970359763275615,0.17090303328474318,0.014652256914815358,-0.31931892651479177,0.9296365245070707,9,9,A_animal,1.0,ns
wake_spectral_entropy,3m,3,0.7465873859289814,0.03948026559277645,0.7506619026426596,0.0241770431961211,0.04148932677941311,0.859819205054158,9,9,A_animal,1.0,ns
wake_ap_exp,3m,3,1.744487024264271,0.14909413361489318,1.744858355998118,0.07097384691703705,0.0010600889917468605,0.7910815129207817,9,9,A_animal,1.0,ns
wake_total_var,3m,3,0.9560129782986415,0.18426872266175862,1.3337757564209658,0.30874193412819895,0.49528256470875814,0.37722461666745344,9,9,A_animal,1.0,ns
wake_rms,3m,3,0.3890696153880708,0.06331528185550386,0.5741133133759101,0.10496618016604092,0.7115999164729365,0.1333202155896274,9,9,A_animal,1.0,ns
wake_p2p,3m,3,2.551085004397832,0.4199261212658752,3.388836048631844,0.4679897596516957,0.6280822957734139,0.11196135426374831,9,9,A_animal,1.0,ns
wake_zcr,3m,3,0.08284252946515452,0.010480780723360643,0.07137022711022567,0.004263065350948513,-0.47797430013610037,0.42677673653298365,9,9,A_animal,1.0,ns
wake_coeff_var,3m,3,18.225421287247585,5.558116803450521,20.598679664035107,7.2623334898367835,0.12233393389247553,1.0,9,9,A_animal,1.0,ns
wake_hjorth_mob,3m,3,0.28325022736914246,0.03469817371080304,0.2455084309772688,0.013626419834021445,-0.4772706754307948,0.42677673653298365,9,9,A_animal,1.0,ns
wake_hjorth_comp,3m,3,5.478605365917382,0.5648651331335354,5.705863348592229,0.4963892832267692,0.14246435266378027,0.859819205054158,9,9,A_animal,1.0,ns
wake_lzc,3m,3,0.05045592936301456,0.00033710595798221106,0.050620032716179555,0.0001607208276226943,0.20712555896929719,0.9296365245070707,9,9,A_animal,1.0,ns
nrem_bp_delta,3m,3,0.0026787376171027288,0.0010665428115923892,0.016063776503485498,0.010474681209453147,0.5992842082891338,0.21637300805763748,9,9,A_animal,1.0,ns
nrem_bp_theta,3m,3,0.0025886325581614203,0.0010431894432950618,0.013228848816394675,0.006339530667134098,0.7807020488355333,0.0933976745287926,9,9,A_animal,1.0,ns
nrem_bp_alpha,3m,3,0.0013151911034143323,0.0005202155258262146,0.0121140417953055,0.008528562701036616,0.5957841489627914,0.1333202155896274,9,9,A_animal,1.0,ns
nrem_bp_beta,3m,3,0.001107056376465423,0.0004923962844610813,0.01243448681381857,0.009546376644830436,0.5586111374828773,0.18532630419857943,9,9,A_animal,1.0,ns
nrem_bp_gamma,3m,3,0.0005435129762587527,0.0002614832968387267,0.005301268864405541,0.0036503524635432736,0.6128431873284695,0.1333202155896274,9,9,A_animal,1.0,ns
nrem_rbp_delta,3m,3,0.30937121690070224,0.03416878473421945,0.2914056261855553,0.019198770268943163,-0.21608553245033962,0.5364994693194564,9,9,A_animal,1.0,ns
nrem_rbp_theta,3m,3,0.2993099617606599,0.00934208481500414,0.33045814093087894,0.016923924070869605,0.7595711735538082,0.11196135426374831,9,9,A_animal,1.0,ns
nrem_rbp_alpha,3m,3,0.1687617641236999,0.00844083304607734,0.16541112368086033,0.007923010832644068,-0.13643753665881347,0.7910815129207817,9,9,A_animal,1.0,ns
nrem_rbp_beta,3m,3,0.15025008486948202,0.016567182530014248,0.14308740425957245,0.017433346729277238,-0.14039697915679172,0.9296365245070707,9,9,A_animal,1.0,ns
nrem_rbp_gamma,3m,3,0.07230697030827057,0.015184469405458067,0.06963770455308442,0.009373841527748485,-0.07051374323425284,1.0,9,9,A_animal,1.0,ns
nrem_td_ratio,3m,3,1.3409020792365356,0.24771824708210258,1.3620147176586856,0.12856794545946001,0.03566022837738171,0.25099827044292256,9,9,A_animal,1.0,ns
nrem_theta_alpha,3m,3,2.140421359604426,0.09228464941215514,2.426245011775519,0.12617056845848487,0.8619489973889629,0.04226010608395664,9,9,A_animal,1.0,*
nrem_theta_beta,3m,3,2.685959973019158,0.32740111900509955,3.1246953312346575,0.35908489527254556,0.42561567938147277,0.42677673653298365,9,9,A_animal,1.0,ns
nrem_slow_fast,3m,3,4.454303903522607,0.9639696831132037,3.917356912167587,0.390962587561196,-0.24332885139537103,0.859819205054158,9,9,A_animal,1.0,ns
nrem_high_freq_idx,3m,3,0.2225570551777526,0.030859369458727498,0.2127251088126569,0.02121594218185416,-0.12376409607061578,0.9296365245070707,9,9,A_animal,1.0,ns
nrem_spectral_entropy,3m,3,0.8701068970735236,0.02179296122604942,0.8691563438414174,0.016844364105234,-0.016268403567251948,1.0,9,9,A_animal,1.0,ns
nrem_ap_exp,3m,3,1.672677602989948,0.15050389590418972,1.6494126197064878,0.08892505695122982,-0.0627373673060018,0.859819205054158,9,9,A_animal,1.0,ns
nrem_total_var,3m,3,0.009379798728250796,0.0040665153504349455,0.06667653161729097,0.044447839150677064,0.6051498275108607,0.18532630419857943,9,9,A_animal,1.0,ns
nrem_rms,3m,3,0.09340695746101124,0.0179321400638766,0.2000167667350113,0.06023988285925788,0.7995950368865012,0.1333202155896274,9,9,A_animal,1.0,ns
nrem_p2p,3m,3,0.4888337864591852,0.1130973701393334,0.983343739864163,0.2438238237098077,0.8673146636974692,0.11196135426374831,9,9,A_animal,1.0,ns
nrem_zcr,3m,3,0.09510080630306211,0.009872998835080365,0.0828841011532851,0.00485188853588838,-0.5235096996879118,0.28931483238198774,9,9,A_animal,1.0,ns
nrem_coeff_var,3m,3,10.063329006079252,3.8099390447857044,10.567415174584669,5.168990307668265,0.03700584143909941,1.0,9,9,A_animal,1.0,ns
nrem_hjorth_mob,3m,3,0.304517284592975,0.03185245544502847,0.26942279558390186,0.01486625459058429,-0.47064824830518026,0.37722461666745344,9,9,A_animal,1.0,ns
nrem_hjorth_comp,3m,3,4.371092378132344,0.44331945343840445,4.193009563717522,0.1747664531944915,-0.17616947537822364,0.7239320396139757,9,9,A_animal,1.0,ns
nrem_lzc,3m,3,0.050073681172113055,0.00030172321957246996,0.05022616991065462,0.0001378570274838736,0.21667534327496504,0.7910815129207817,9,9,A_animal,1.0,ns
all_bp_delta,3m,3,0.275609109953573,0.045631189902124954,0.3801289760639779,0.0843124020207479,0.5139445268653874,0.42677673653298365,9,9,A_animal,1.0,ns
all_bp_theta,3m,3,0.06702964620838957,0.012385430233334396,0.10107670674795598,0.025076953635101984,0.5738519793794371,0.28931483238198774,9,9,A_animal,1.0,ns
all_bp_alpha,3m,3,0.03299340631133915,0.006560159680689085,0.05636435907007017,0.02058495333216361,0.509936257047233,0.5962416305866567,9,9,A_animal,1.0,ns
all_bp_beta,3m,3,0.03800738650345545,0.008055817287060037,0.06743938785704628,0.029918399862373355,0.4477920393665042,0.6588432549492806,9,9,A_animal,1.0,ns
all_bp_gamma,3m,3,0.02383993483551747,0.005547758629625359,0.035543806498825034,0.014246416107142688,0.3608765097071634,0.859819205054158,9,9,A_animal,1.0,ns
all_rbp_delta,3m,3,0.4216737928068048,0.038139512917753304,0.415076857089245,0.020379283363857355,-0.07191548793120793,0.859819205054158,9,9,A_animal,1.0,ns
all_rbp_theta,3m,3,0.23384493712718302,0.007942214809062285,0.2594605416057454,0.01408082854331903,0.7469444771665759,0.07738861114200664,9,9,A_animal,1.0,ns
all_rbp_alpha,3m,3,0.14007138808833236,0.008708902732601007,0.1378342416067918,0.007454862021735961,-0.09199356967471618,0.9296365245070707,9,9,A_animal,1.0,ns
all_rbp_beta,3m,3,0.13373429885723173,0.016114152838325714,0.12355527098828215,0.014376662921877656,-0.22219895708352325,1.0,9,9,A_animal,1.0,ns
all_rbp_gamma,3m,3,0.0706755810326863,0.01498052198815082,0.0640730827977245,0.007016188644683486,-0.1881524568730543,0.7910815129207817,9,9,A_animal,1.0,ns
all_td_ratio,3m,3,0.8831422454419169,0.13853830948915444,0.8931446421010804,0.07812294021096787,0.02964636154122845,0.37722461666745344,9,9,A_animal,1.0,ns
all_theta_alpha,3m,3,2.0929974461395986,0.09396341444568412,2.357401764833039,0.11181858025318968,0.8533775734781063,0.11196135426374831,9,9,A_animal,1.0,ns
all_theta_beta,3m,3,2.744431142152974,0.35233797752320567,3.147214013842162,0.35756226216234716,0.37824278467248773,0.47992869214595724,9,9,A_animal,1.0,ns
all_slow_fast,3m,3,78.81692137247364,66.5322804259274,129.62459684494422,76.0210473466205,0.2370831747290573,0.7239320396139757,9,9,A_animal,1.0,ns
all_high_freq_idx,3m,3,0.20440987988991807,0.03018077048938921,0.1876283537860067,0.016793556315923545,-0.22904600868536823,0.9296365245070707,9,9,A_animal,1.0,ns
all_spectral_entropy,3m,3,0.7942175226205639,0.031947562994914636,0.7980531446015707,0.02046440469936631,0.04765768694019682,0.859819205054158,9,9,A_animal,1.0,ns
all_ap_exp,3m,3,1.71657533206497,0.1481973025292441,1.7058967700502714,0.07727176102367501,-0.030119300733879684,1.0,9,9,A_animal,1.0,ns
all_total_var,3m,3,0.588166309988776,0.10980890173688546,0.8445910944245779,0.22048814605298206,0.4907450695645779,0.42677673653298365,9,9,A_animal,1.0,ns
all_rms,3m,3,0.2742276161387402,0.04358170321748928,0.42647664964012977,0.089746375151406,0.7193733418944823,0.1577043874630777,9,9,A_animal,1.0,ns
all_p2p,3m,3,1.7475371016579875,0.27801962907005445,2.4209100303915605,0.37346247551004663,0.6817900733008199,0.18532630419857943,9,9,A_animal,1.0,ns
all_zcr,3m,3,0.0875966384022835,0.010154826603482036,0.07627805715662707,0.004297212833306288,-0.48388587336244854,0.42677673653298365,9,9,A_animal,1.0,ns
all_coeff_var,3m,3,15.296188667612292,4.96399141019181,16.679411602263038,6.102755186433218,0.0828884116613568,0.859819205054158,9,9,A_animal,1.0,ns
all_hjorth_mob,3m,3,0.2914898137799038,0.03334455534420911,0.25600373278800004,0.01366441241259271,-0.4642139317032805,0.42677673653298365,9,9,A_animal,1.0,ns
all_hjorth_comp,3m,3,5.054400967448206,0.5100044131136222,5.1011318119666695,0.34703970397703365,0.035710556026707065,0.9296365245070707,9,9,A_animal,1.0,ns
all_lzc,3m,3,0.050307794729191745,0.0003218147220355086,0.050462184725130296,0.0001477244562259748,0.20551700529593483,0.9296365245070707,9,9,A_animal,1.0,ns
wake_bp_delta,4m,4,0.4964591161635683,0.2840725094997921,0.5975803516186593,0.3148527791134541,0.11922901261284573,0.5053613053613053,8,8,A_animal,1.0,ns
wake_bp_theta,4m,4,0.06796053107622425,0.0413343760709544,0.18191120430145072,0.11529483100622688,0.4651795221245436,0.23449883449883446,8,8,A_animal,1.0,ns
wake_bp_alpha,4m,4,0.033879207235775886,0.020754900493101167,0.11935627870296159,0.08658868416390943,0.4799851371171196,0.2786324786324786,8,8,A_animal,1.0,ns
wake_bp_beta,4m,4,0.03577488414661101,0.021432760658584418,0.2284937660820079,0.16574137872820408,0.5765834382210322,0.19487179487179485,8,8,A_animal,1.0,ns
wake_bp_gamma,4m,4,0.04117403102925621,0.029829125309081307,0.13075695274375518,0.10991441568646906,0.3932866838581229,0.5053613053613053,8,8,A_animal,1.0,ns
wake_rbp_delta,4m,4,0.5943935764722519,0.044635830514508534,0.4984481430330928,0.03693983831932978,-0.8279889221555492,0.13038073038073036,8,8,A_animal,1.0,ns
wake_rbp_theta,4m,4,0.14049871470219852,0.012728327375976074,0.18996785369575958,0.016660778515031244,1.1797215787199373,0.06495726495726495,8,8,A_animal,1.0,ns
wake_rbp_alpha,4m,4,0.06680817037137264,0.004768188781386366,0.09172891734923966,0.009265563212228196,1.1957586213117175,0.020668220668220667,8,8,A_animal,1.0,*
wake_rbp_beta,4m,4,0.08068299366345644,0.006902707959982894,0.13583381274901687,0.02212608902356002,1.1897327997832756,0.010411810411810413,8,8,A_animal,1.0,*
wake_rbp_gamma,4m,4,0.11761645681280425,0.03813668604546793,0.08402124725176581,0.012903176367419337,-0.417224120064387,0.959129759129759,8,8,A_animal,1.0,ns
wake_td_ratio,4m,4,0.3537294480565226,0.048147898105049575,0.6161979744621926,0.08400815063906199,1.3553390317111187,0.037917637917637914,8,8,A_animal,1.0,*
wake_theta_alpha,4m,4,2.7245460868993057,0.21966621397145547,2.642004735891808,0.1791209363779419,-0.14560700569987767,0.7984459984459983,8,8,A_animal,1.0,ns
wake_theta_beta,4m,4,3.0725143119775478,0.3334654435161168,2.826734640352094,0.4076625950312661,-0.23333083461343948,0.5053613053613053,8,8,A_animal,1.0,ns
wake_slow_fast,4m,4,221.88103046948976,169.74711729861272,174.26191362916364,156.75150672352527,-0.1030483956302737,0.1605283605283605,8,8,A_animal,1.0,ns
wake_high_freq_idx,4m,4,0.19829945047626074,0.041605589757084754,0.21985506000078273,0.029878171906636164,0.2104121036766478,0.4418026418026417,8,8,A_animal,1.0,ns
wake_spectral_entropy,4m,4,0.6434636781118617,0.03256761556258366,0.7193624792468831,0.04306786637712238,0.7028280540616494,0.13038073038073036,8,8,A_animal,1.0,ns
wake_ap_exp,4m,4,1.6546769783621946,0.11428381559431745,1.6721737542114574,0.11753685182397171,0.053363969027154214,0.5737373737373737,8,8,A_animal,1.0,ns
wake_total_var,4m,4,1.2711567908654504,0.6925751567704096,1.630472767249583,1.0277337610187702,0.14496577500060245,0.959129759129759,8,8,A_animal,1.0,ns
wake_rms,4m,4,0.621063190275902,0.2695679356984112,0.706811488141484,0.3483129625320096,0.09734355284823362,0.959129759129759,8,8,A_animal,1.0,ns
wake_p2p,4m,4,2.0690985084344784,0.6032051696592166,3.287508195234511,1.1993022557817206,0.45379946354591966,0.32820512820512815,8,8,A_animal,1.0,ns
wake_zcr,4m,4,0.1278660788049134,0.03501803967083399,0.08635239263840747,0.011918889313191855,-0.5611345124998286,0.5053613053613053,8,8,A_animal,1.0,ns
wake_coeff_var,4m,4,73.86334084141653,39.617252605632146,87.10047940788074,20.717420789007644,0.1480424146159421,0.23449883449883446,8,8,A_animal,1.0,ns
wake_hjorth_mob,4m,4,0.3946713501990639,0.08325095605147094,0.29522718127516906,0.03572917753807334,-0.5488444575976427,0.5053613053613053,8,8,A_animal,1.0,ns
wake_hjorth_comp,4m,4,6.453728152585692,1.1755093010367452,5.3380997666245715,0.7509366971117342,-0.39989731799099626,0.7209013209013208,8,8,A_animal,1.0,ns
wake_lzc,4m,4,0.05063154810158929,0.00047203456612257447,0.05037409385162139,0.0002687709754737149,-0.2369739312094554,0.3822843822843822,8,8,A_animal,1.0,ns
nrem_bp_delta,4m,4,0.06209477616629214,0.05899351762050967,0.09302036081033281,0.07052742581379608,0.1681696947800767,0.19487179487179485,8,8,A_animal,1.0,ns
nrem_bp_theta,4m,4,0.02197377101861527,0.020049061494321584,0.05513278298539756,0.041624861092168765,0.358850824523497,0.19487179487179485,8,8,A_animal,1.0,ns
nrem_bp_alpha,4m,4,0.009502096509148864,0.008724271895033322,0.031107794858826657,0.025592720873087532,0.39953039956605424,0.1605283605283605,8,8,A_animal,1.0,ns
nrem_bp_beta,4m,4,0.008444703464747672,0.007520730417469161,0.07441338988526763,0.05926709390004386,0.5521097935507198,0.19487179487179485,8,8,A_animal,1.0,ns
nrem_bp_gamma,4m,4,0.007988354093425002,0.006373309189522727,0.02933249128492293,0.026690441538919096,0.38891211872177567,0.32820512820512815,8,8,A_animal,1.0,ns
nrem_rbp_delta,4m,4,0.42556932406279924,0.039593243744530986,0.3268217130305505,0.026325710167115258,-1.0384323507784883,0.06495726495726495,8,8,A_animal,1.0,ns
nrem_rbp_theta,4m,4,0.2320721775021015,0.01564591955504665,0.2897980444410192,0.017405075543818753,1.2332656005753413,0.037917637917637914,8,8,A_animal,1.0,*
nrem_rbp_alpha,4m,4,0.09548698712237015,0.005358960095248845,0.11827962557692559,0.006610497767776637,1.3391951392448769,0.014763014763014764,8,8,A_animal,1.0,*
nrem_rbp_beta,4m,4,0.10597776330099977,0.005721819644334076,0.16668752386001806,0.024066611130831177,1.2270824438495096,0.0018648018648018648,8,8,A_animal,0.8391608391608392,**
nrem_rbp_gamma,4m,4,0.1408936158793347,0.040667095286176735,0.09841307696613491,0.014918812386686698,-0.4903421247350442,0.7209013209013208,8,8,A_animal,1.0,ns
nrem_td_ratio,4m,4,0.69834747873744,0.07735813909799842,1.233578466636188,0.12322013484906355,1.8394019414455518,0.004662004662004662,8,8,A_animal,1.0,**
nrem_theta_alpha,4m,4,2.9572555961100484,0.25956827701991775,3.0230354967526725,0.15227100929677465,0.10929237247556069,0.5053613053613053,8,8,A_animal,1.0,ns
nrem_theta_beta,4m,4,3.118808043337411,0.4471701284916634,2.91330340431509,0.2980464850273051,-0.19120464134599544,1.0,8,8,A_animal,1.0,ns
nrem_slow_fast,4m,4,5.318925097176783,1.1472911589188592,4.646064268816769,1.016455022494222,-0.21948832505355353,0.5053613053613053,8,8,A_animal,1.0,ns
nrem_high_freq_idx,4m,4,0.24687137918033447,0.043419500347862246,0.26510060082615305,0.03124148353485362,0.1703953337764022,0.3822843822843822,8,8,A_animal,1.0,ns
nrem_spectral_entropy,4m,4,0.8039228706326893,0.017799852432133566,0.8376616826237648,0.021449951685888417,0.6052118065941947,0.2786324786324786,8,8,A_animal,1.0,ns
nrem_ap_exp,4m,4,1.5762405027398572,0.11734413418212271,1.5271126292288035,0.0998438588512344,-0.15943066755220056,0.5053613053613053,8,8,A_animal,1.0,ns
nrem_total_var,4m,4,0.16719287322648352,0.15765220835551358,0.3292205525061878,0.265108374985524,0.2626547411028497,0.19487179487179485,8,8,A_animal,1.0,ns
nrem_rms,4m,4,0.3422730797600931,0.22056777663105634,0.40523820532499355,0.2425600400933257,0.09602738511230932,0.7209013209013208,8,8,A_animal,1.0,ns
nrem_p2p,4m,4,0.9776255643832913,0.43600089850120954,1.7976402650444026,0.7914726025919815,0.4537396406249813,0.32820512820512815,8,8,A_animal,1.0,ns
nrem_zcr,4m,4,0.158079798958737,0.04501971150763619,0.09690980755150351,0.01115427870638826,-0.659430147514483,0.2786324786324786,8,8,A_animal,1.0,ns
nrem_coeff_var,4m,4,64.44204998449587,33.03089952356832,81.73000156261983,36.641733788717566,0.1752200739902921,0.5737373737373737,8,8,A_animal,1.0,ns
nrem_hjorth_mob,4m,4,0.46509515152474395,0.11217425425034976,0.31599154408615016,0.03258415828105651,-0.6382263284122226,0.4418026418026417,8,8,A_animal,1.0,ns
nrem_hjorth_comp,4m,4,3.758734947982573,0.6247230495681885,4.070302654213707,0.435011261870488,0.20464003088589872,0.7209013209013208,8,8,A_animal,1.0,ns
nrem_lzc,4m,4,0.050053209541403854,0.0005335632995946591,0.04998313536332528,0.00026774351811295323,-0.05868921823701273,0.6453768453768453,8,8,A_animal,1.0,ns
all_bp_delta,4m,4,0.3488136229201292,0.21420484713486998,0.4442696863099238,0.2462861984625178,0.1462230837846714,0.6453768453768453,8,8,A_animal,1.0,ns
all_bp_theta,4m,4,0.05184300078350381,0.03427861922845299,0.14281190389142737,0.09305350274171541,0.4586678960826746,0.23449883449883446,8,8,A_animal,1.0,ns
all_bp_alpha,4m,4,0.025490810967289446,0.016856441206300206,0.09282461687025695,0.06853448299591575,0.47702361917739067,0.23449883449883446,8,8,A_animal,1.0,ns
all_bp_beta,4m,4,0.026439665092933645,0.01697132091129257,0.18250388244239307,0.13446431522241545,0.5757505938461652,0.1605283605283605,8,8,A_animal,1.0,ns
all_bp_gamma,4m,4,0.03030497700789029,0.022560675583070584,0.10029148068713038,0.08489544946964037,0.3983657210804504,0.4418026418026417,8,8,A_animal,1.0,ns
all_rbp_delta,4m,4,0.5303411985465648,0.041526424675665745,0.43972084123818145,0.03289511082326834,-0.855284798530948,0.13038073038073036,8,8,A_animal,1.0,ns
all_rbp_theta,4m,4,0.17490954720739027,0.012842509074674678,0.22415830922258845,0.016781549305613975,1.1652793518503763,0.08298368298368297,8,8,A_animal,1.0,ns
all_rbp_alpha,4m,4,0.07762727210750192,0.004467031843813089,0.10067872310369934,0.008323962225690894,1.220061745956556,0.028127428127428127,8,8,A_animal,1.0,*
all_rbp_beta,4m,4,0.09046423075433796,0.006086785606723943,0.14598465638774996,0.02218712353134309,1.2066038083100736,0.006993006993006993,8,8,A_animal,1.0,**
all_rbp_gamma,4m,4,0.126657641282114,0.039203952188080565,0.08945744563542249,0.01346334233499067,-0.44872154283817667,0.7984459984459983,8,8,A_animal,1.0,ns
all_td_ratio,4m,4,0.4814857876481626,0.055661698118664796,0.8283573106563656,0.09093906806464976,1.6266494417524988,0.014763014763014764,8,8,A_animal,1.0,*
all_theta_alpha,4m,4,2.8041420957747887,0.23390274234491001,2.771951973376383,0.1583819441696243,-0.056977565133686604,0.8784770784770783,8,8,A_animal,1.0,ns
all_theta_beta,4m,4,3.0609545849674413,0.35416095676825776,2.848567101000512,0.3605617263843743,-0.21011591152369088,0.7209013209013208,8,8,A_animal,1.0,ns
all_slow_fast,4m,4,133.9606730902829,99.63462889052163,105.24937997064792,91.98215488575049,-0.10586640216848289,0.19487179487179485,8,8,A_animal,1.0,ns
all_high_freq_idx,4m,4,0.21712187203645203,0.04224715835559342,0.23544210202317248,0.02963710753602858,0.1775009247211097,0.4418026418026417,8,8,A_animal,1.0,ns
all_spectral_entropy,4m,4,0.7055847325083422,0.024039122516458223,0.7597168591958485,0.03595425342466427,0.6258007048002402,0.32820512820512815,8,8,A_animal,1.0,ns
all_ap_exp,4m,4,1.6217907240323588,0.11477006587697056,1.6194054360175927,0.11047166823427351,-0.007486828752022623,0.6453768453768453,8,8,A_animal,1.0,ns
all_total_var,4m,4,0.8898871027191544,0.5233938307106824,1.2327844490225854,0.8047353517225078,0.178598173141344,0.7984459984459983,8,8,A_animal,1.0,ns
all_rms,4m,4,0.515598576006044,0.2508749181047692,0.6088611273101647,0.31535641430811967,0.11571788126898537,0.959129759129759,8,8,A_animal,1.0,ns
all_p2p,4m,4,1.6642211154193784,0.542837331092952,2.783579830270552,1.0684622388624607,0.4670024289679891,0.5053613053613053,8,8,A_animal,1.0,ns
all_zcr,4m,4,0.14073449335630772,0.03970673154481971,0.09039103572432444,0.011897304116030991,-0.6072673445495554,0.32820512820512815,8,8,A_animal,1.0,ns
all_coeff_var,4m,4,70.53051489581524,36.98484535400137,85.29839262822126,25.840286044312638,0.16365977883895602,0.32820512820512815,8,8,A_animal,1.0,ns
all_hjorth_mob,4m,4,0.42495494430331204,0.09642042013733529,0.30382221739437404,0.035177837881503804,-0.5901019573385222,0.4418026418026417,8,8,A_animal,1.0,ns
all_hjorth_comp,4m,4,5.39980988415469,0.8990854675801574,4.905561804293006,0.6425225866061285,-0.22362656037712433,0.7984459984459983,8,8,A_animal,1.0,ns
all_lzc,4m,4,0.050420550875784856,0.0004942739374055794,0.050238556144458456,0.0002663799774794992,-0.16205920700636778,0.5053613053613053,8,8,A_animal,1.0,ns
wake_bp_delta,6m,6,0.7876713908332299,0.34491484172319226,0.9371447432468648,0.30765421430689716,0.1617020418691199,0.4418026418026417,8,8,A_animal,1.0,ns
wake_bp_theta,6m,6,0.09971654717928748,0.03340562957336424,0.21316456235832193,0.11646889606559789,0.4681553347184733,0.19487179487179485,8,8,A_animal,1.0,ns
wake_bp_alpha,6m,6,0.04737114482170566,0.014970513363574356,0.12040133867335555,0.07350000021183282,0.4868088390612036,0.23449883449883446,8,8,A_animal,1.0,ns
wake_bp_beta,6m,6,0.052346736319737075,0.01610582576856217,0.14660686013611574,0.0945278578759003,0.49150074983118963,0.19487179487179485,8,8,A_animal,1.0,ns
wake_bp_gamma,6m,6,0.033854644541968244,0.010365824462724802,0.1148872338561975,0.06800635869481682,0.5889696159647684,0.19487179487179485,8,8,A_animal,1.0,ns
wake_rbp_delta,6m,6,0.5052707577819888,0.04134520581154282,0.4964657426533494,0.0390482131095005,-0.07741362635074872,0.8784770784770783,8,8,A_animal,1.0,ns
wake_rbp_theta,6m,6,0.1995467986210971,0.016219507830451188,0.19517937156796933,0.01845669169996646,-0.08887450383565243,0.6453768453768453,8,8,A_animal,1.0,ns
wake_rbp_alpha,6m,6,0.11614256632237599,0.011079549952876792,0.1096101678583634,0.012347344242681708,-0.19688286227921636,0.7984459984459983,8,8,A_animal,1.0,ns
wake_rbp_beta,6m,6,0.10239495008969678,0.014179006016658467,0.10672008795589852,0.013937076847429702,0.10877123315757672,0.6453768453768453,8,8,A_animal,1.0,ns
wake_rbp_gamma,6m,6,0.07664491792528884,0.013686671284260342,0.09202462374092696,0.012304945590659614,0.41781778093266897,0.6453768453768453,8,8,A_animal,1.0,ns
wake_td_ratio,6m,6,0.5394945977442862,0.06643654230162255,0.5464802756042775,0.07700588399805522,0.03434315371011121,0.959129759129759,8,8,A_animal,1.0,ns
wake_theta_alpha,6m,6,2.0946502061998893,0.07138741278961837,2.218529084686362,0.11998286331679711,0.44364797997383426,0.5053613053613053,8,8,A_animal,1.0,ns
wake_theta_beta,6m,6,2.600375156352513,0.2876712415842855,2.425225804987857,0.2506776175365325,-0.2295127316939788,0.7984459984459983,8,8,A_animal,1.0,ns
wake_slow_fast,6m,6,23.98988485309942,5.37115069993944,95.66702521877663,68.27345487853333,0.5233099349122754,1.0,8,8,A_animal,1.0,ns
wake_high_freq_idx,6m,6,0.17903986801498567,0.023508776345812703,0.19874471169682553,0.020350164627989668,0.3168666418983139,0.5053613053613053,8,8,A_animal,1.0,ns
wake_spectral_entropy,6m,6,0.7512668353215513,0.04188857224704353,0.7570003606358935,0.035961294374463555,0.051927058070989844,0.959129759129759,8,8,A_animal,1.0,ns
wake_ap_exp,6m,6,1.7129821608609048,0.09504329404506828,1.6278283558011652,0.07648798822472058,-0.348995223653867,0.6453768453768453,8,8,A_animal,1.0,ns
wake_total_var,6m,6,1.899442352924645,0.7987003532744817,2.346090966784246,0.8213981951572842,0.19492472999105553,0.32820512820512815,8,8,A_animal,1.0,ns
wake_rms,6m,6,0.7846873089909874,0.3209150540139727,0.876038092097891,0.23918293490228906,0.11411897724546638,0.5053613053613053,8,8,A_animal,1.0,ns
wake_p2p,6m,6,2.6787361528732867,0.7440737431902985,3.440153485177505,0.7938173492144491,0.3499090007308388,0.2786324786324786,8,8,A_animal,1.0,ns
wake_zcr,6m,6,0.07862420322875918,0.009312162970228358,0.0786169989632546,0.008640226981937638,-0.00028356224992823496,0.7209013209013208,8,8,A_animal,1.0,ns
wake_coeff_var,6m,6,13.738382611620626,4.466941115945948,8.400310346717148,2.018527475838579,-0.5444970058895064,0.5737373737373737,8,8,A_animal,1.0,ns
wake_hjorth_mob,6m,6,0.2751675595530434,0.0280530328464345,0.27288351566965435,0.030642417107313868,-0.027489244782267233,0.7209013209013208,8,8,A_animal,1.0,ns
wake_hjorth_comp,6m,6,6.517085703167947,0.9642311958106934,6.587769736861407,0.9380130410203104,0.02627234291991445,0.8784770784770783,8,8,A_animal,1.0,ns
wake_lzc,6m,6,0.050758321192917455,0.00029630261773232164,0.05063360993906915,0.00021761749789872082,-0.16959898837554976,0.959129759129759,8,8,A_animal,1.0,ns
nrem_bp_delta,6m,6,0.05351497906793073,0.052391930701147345,0.1257795780021329,0.12104254265659936,0.2739480798503907,0.7984459984459983,8,8,A_animal,1.0,ns
nrem_bp_theta,6m,6,0.007818112868965265,0.0066207936553797754,0.06956674042035157,0.06472713515949335,0.47451589539206335,0.7209013209013208,8,8,A_animal,1.0,ns
nrem_bp_alpha,6m,6,0.003212419775287223,0.0026479205071793703,0.03742604562577568,0.03532308913322651,0.48294046490251397,0.5737373737373737,8,8,A_animal,1.0,ns
nrem_bp_beta,6m,6,0.0029100098765834186,0.0025012394053301086,0.04307734468340473,0.04113576602939713,0.487328796606181,0.6453768453768453,8,8,A_animal,1.0,ns
nrem_bp_gamma,6m,6,0.0017947198716744142,0.0015177357900165033,0.03155374366485386,0.029774957675674722,0.4990844550353114,0.5053613053613053,8,8,A_animal,1.0,ns
nrem_rbp_delta,6m,6,0.32826596542768527,0.032942312012096,0.315099225311564,0.028621431471266657,-0.15085899196417857,0.959129759129759,8,8,A_animal,1.0,ns
nrem_rbp_theta,6m,6,0.31453149361538957,0.013201393171407136,0.31240640628389504,0.014645547261511238,-0.05388911487345892,0.8784770784770783,8,8,A_animal,1.0,ns
nrem_rbp_alpha,6m,6,0.1546843080234898,0.007976992606639938,0.14410535377087402,0.007205947103910925,-0.4920537306407413,0.23449883449883446,8,8,A_animal,1.0,ns
nrem_rbp_beta,6m,6,0.1208657865393109,0.01365507523228268,0.12976386135642784,0.014963632316831697,0.21962284656907088,0.5737373737373737,8,8,A_animal,1.0,ns
nrem_rbp_gamma,6m,6,0.08165244417661807,0.016209911397214345,0.09862515259519342,0.01270382553040538,0.4120616715360595,0.4418026418026417,8,8,A_animal,1.0,ns
nrem_td_ratio,6m,6,1.222811456260793,0.15826338599667106,1.2015175654849908,0.1618574170966755,-0.04703257504776939,0.8784770784770783,8,8,A_animal,1.0,ns
nrem_theta_alpha,6m,6,2.4136573303091127,0.09669525257388978,2.5442425560745123,0.10204261995109302,0.46445245108445765,0.2786324786324786,8,8,A_animal,1.0,ns
nrem_theta_beta,6m,6,3.249592826304191,0.41956854072336797,2.9368604224123533,0.34932787711911123,-0.28640817520349127,0.7209013209013208,8,8,A_animal,1.0,ns
nrem_slow_fast,6m,6,4.669289162566001,1.0301734657751795,3.571729149842104,0.45957692221916674,-0.48649097896096355,0.8784770784770783,8,8,A_animal,1.0,ns
nrem_high_freq_idx,6m,6,0.20251823071592903,0.026610921607477155,0.2283890139516213,0.02324914893345411,0.3660637873580712,0.7209013209013208,8,8,A_animal,1.0,ns
nrem_spectral_entropy,6m,6,0.8672359329939299,0.024618165904201728,0.8859811353438679,0.014448595703633601,0.3283449594368149,0.7984459984459983,8,8,A_animal,1.0,ns
nrem_ap_exp,6m,6,1.7090758741305812,0.12133823276118826,1.6100084867432853,0.10460223208823084,-0.3091957512307451,0.7984459984459983,8,8,A_animal,1.0,ns
nrem_total_var,6m,6,0.11856080361318885,0.11453596914391428,0.39113096583765605,0.37295500484621674,0.3493181296366962,0.6453768453768453,8,8,A_animal,1.0,ns
nrem_rms,6m,6,0.3032545484261247,0.17286432153428077,0.3609917414428568,0.18093176601079752,0.1153651844543324,0.4418026418026417,8,8,A_animal,1.0,ns
nrem_p2p,6m,6,0.6409097569259964,0.2692628195803914,1.342149449918971,0.7401004221548264,0.44519750664378577,0.5737373737373737,8,8,A_animal,1.0,ns
nrem_zcr,6m,6,0.09351856555921156,0.009183169490572756,0.0900808646420771,0.006352101235109324,-0.15393593583394144,0.5053613053613053,8,8,A_animal,1.0,ns
nrem_coeff_var,6m,6,4.60207692218268,2.6384940221196125,8.558873664626244,4.081625754017926,0.4070630373896575,0.2786324786324786,8,8,A_animal,1.0,ns
nrem_hjorth_mob,6m,6,0.3044982655349504,0.03010229809759172,0.29610288324927025,0.02282103570936579,-0.11112362502464318,0.6453768453768453,8,8,A_animal,1.0,ns
nrem_hjorth_comp,6m,6,4.1481264253807515,0.30987831721576425,3.912292372884614,0.21307217317344815,-0.31355553011201814,0.5737373737373737,8,8,A_animal,1.0,ns
nrem_lzc,6m,6,0.05025142689882138,0.0002922638219822474,0.05010003053624391,0.00019485423583441816,-0.21548049057745827,0.8784770784770783,8,8,A_animal,1.0,ns
all_bp_delta,6m,6,0.5011345959378863,0.23546196155908225,0.6440173036798781,0.265681102408957,0.20124022952970227,0.32820512820512815,8,8,A_animal,1.0,ns
all_bp_theta,6m,6,0.06345494361311385,0.022611474860274372,0.16479297426808026,0.10524321104821996,0.47070545850188733,0.2786324786324786,8,8,A_animal,1.0,ns
all_bp_alpha,6m,6,0.029941627998015266,0.009897604869463698,0.09381705276291051,0.06502201314637142,0.485589561575639,0.19487179487179485,8,8,A_animal,1.0,ns
all_bp_beta,6m,6,0.03277667709637504,0.010362473726391944,0.11435588036683289,0.08251200966886595,0.49049449172609383,0.19487179487179485,8,8,A_animal,1.0,ns
all_bp_gamma,6m,6,0.021041557659605088,0.006500158079461678,0.0876977318038373,0.059085786241199506,0.5606800169806415,0.19487179487179485,8,8,A_animal,1.0,ns
all_rbp_delta,6m,6,0.4375649385104446,0.03660716130878235,0.4246577086251787,0.03360858963515327,-0.12986372131597584,0.959129759129759,8,8,A_animal,1.0,ns
all_rbp_theta,6m,6,0.24309045466627638,0.013789502654607719,0.24084182304829327,0.016149708070898987,-0.05294410743422822,0.7209013209013208,8,8,A_animal,1.0,ns
all_rbp_alpha,6m,6,0.13105077332682508,0.00935164996366785,0.12303807208207207,0.01009843270933742,-0.29108685732603656,0.5053613053613053,8,8,A_animal,1.0,ns
all_rbp_beta,6m,6,0.10966997658999844,0.013762870451355323,0.11598739973426604,0.014206126104809955,0.15969581589462808,0.5737373737373737,8,8,A_animal,1.0,ns
all_rbp_gamma,6m,6,0.07862385064398617,0.014704823476968415,0.09547499202280235,0.01222268571777427,0.44063688419687147,0.4418026418026417,8,8,A_animal,1.0,ns
all_td_ratio,6m,6,0.792643470935535,0.09071663446632658,0.8022964335476551,0.1087355700756167,0.03408330397977209,0.8784770784770783,8,8,A_animal,1.0,ns
all_theta_alpha,6m,6,2.209805567687674,0.07513081058580415,2.344750603607223,0.10814766240508751,0.5123838272179178,0.2786324786324786,8,8,A_animal,1.0,ns
all_theta_beta,6m,6,2.842206285286066,0.336573681822644,2.6135544584471426,0.2904002988029296,-0.25717907565286363,0.7984459984459983,8,8,A_animal,1.0,ns
all_slow_fast,6m,6,16.284056101787037,3.1695254292465984,68.48927188893488,51.21160948864305,0.5087275861813741,0.959129759129759,8,8,A_animal,1.0,ns
all_high_freq_idx,6m,6,0.18829382723398463,0.024567807289015538,0.21146239175706844,0.021178394730980456,0.3571414798741501,0.6453768453768453,8,8,A_animal,1.0,ns
all_spectral_entropy,6m,6,0.7966186759937426,0.033648391941798,0.8084020234058829,0.02552325243039327,0.1395030747620075,1.0,8,8,A_animal,1.0,ns
all_ap_exp,6m,6,1.713293819268777,0.10541881814380967,1.6190426494891454,0.08636421857100254,-0.34580281228205867,0.6453768453768453,8,8,A_animal,1.0,ns
all_total_var,6m,6,1.205484655348797,0.5435569599964744,1.6350573023842339,0.7160270576329105,0.2389246326250756,0.4418026418026417,8,8,A_animal,1.0,ns
all_rms,6m,6,0.5923461034396453,0.2615615754297917,0.6760255485115483,0.22184937265057722,0.12199071876268772,0.4418026418026417,8,8,A_animal,1.0,ns
all_p2p,6m,6,1.8718801757055712,0.544358001032315,2.6033746273056964,0.7732471165799406,0.3867717869608628,0.3822843822843822,8,8,A_animal,1.0,ns
all_zcr,6m,6,0.08450499383620937,0.00902838007899219,0.08387828007264875,0.007717882865915776,-0.026382171069201245,0.7984459984459983,8,8,A_animal,1.0,ns
all_coeff_var,6m,6,10.165340543221689,3.011757722302489,8.26153163689541,2.6394668313680034,-0.23769794860188787,0.7984459984459983,8,8,A_animal,1.0,ns
all_hjorth_mob,6m,6,0.28662559837050183,0.028464276447031103,0.28426907339171775,0.027859995898071296,-0.02958260834136684,0.7209013209013208,8,8,A_animal,1.0,ns
all_hjorth_comp,6m,6,5.565785443171093,0.6435175938856899,5.489817558375123,0.5970412021561702,-0.04327062012196255,0.959129759129759,8,8,A_animal,1.0,ns
all_lzc,6m,6,0.05055446801186857,0.0002841549252926322,0.050413941499601,0.00019879700294706337,-0.20258851798148841,0.7209013209013208,8,8,A_animal,1.0,ns
wake_bp_delta,7m,7,0.375065580147113,0.09515796651735196,0.6893761438962489,0.24157620524377518,0.6837730179518867,0.22843822843822847,8,6,A_animal,1.0,ns
wake_bp_theta,7m,7,0.07537151186179766,0.014161348388849391,0.17049195675290077,0.06664534249326895,0.8002933412149166,0.18115218115218118,8,6,A_animal,1.0,ns
wake_bp_alpha,7m,7,0.038682124312227346,0.007636948254115729,0.08521797293526111,0.03261492370674987,0.7952241769596546,0.22843822843822847,8,6,A_animal,1.0,ns
wake_bp_beta,7m,7,0.04759746106580327,0.009373774342243279,0.09305276368573796,0.03583286153235408,0.701102437979167,0.4135864135864136,8,6,A_animal,1.0,ns
wake_bp_gamma,7m,7,0.0280506064912765,0.005805797349652437,0.05420437183222277,0.020796004699091163,0.6910742425262739,0.4908424908424909,8,6,A_animal,1.0,ns
wake_rbp_delta,7m,7,0.44414305913931507,0.04188620231097543,0.4739285463647816,0.04726538958956363,0.25429027845410285,0.7545787545787546,8,6,A_animal,1.0,ns
wake_rbp_theta,7m,7,0.22775805618234557,0.011397367908264717,0.22210099937737213,0.026090791965570327,-0.1117683696387,0.662004662004662,8,6,A_animal,1.0,ns
wake_rbp_alpha,7m,7,0.1322418574856181,0.010497916660368943,0.12193774001924201,0.017033580131194083,-0.28455579999790936,0.662004662004662,8,6,A_animal,1.0,ns
wake_rbp_beta,7m,7,0.11871457306087717,0.015042831484435873,0.10710300315892189,0.009810784128508393,-0.33605213646861803,0.662004662004662,8,6,A_animal,1.0,ns
wake_rbp_gamma,7m,7,0.07714230154124427,0.011018093789443394,0.074929500414413,0.010743952975858556,-0.07672009085302077,0.8518148518148518,8,6,A_animal,1.0,ns
wake_td_ratio,7m,7,0.6874894912067502,0.09325268329748349,0.624753008285894,0.10114935640447943,-0.24517322119976764,0.8518148518148518,8,6,A_animal,1.0,ns
wake_theta_alpha,7m,7,2.1217183658264513,0.10739109127575426,2.2468513380834767,0.11094605769428337,0.434189982266905,0.4135864135864136,8,6,A_animal,1.0,ns
wake_theta_beta,7m,7,2.6262313499019556,0.2966784975627699,2.5879139719936988,0.20544587746039847,-0.05538161724158469,0.8518148518148518,8,6,A_animal,1.0,ns
wake_slow_fast,7m,7,76.51363690753442,42.71197346042004,14.799620973858877,4.500154422042859,-0.719455227734463,0.5727605727605728,8,6,A_animal,1.0,ns
wake_high_freq_idx,7m,7,0.19585687460212148,0.024189906822865426,0.18203250357333498,0.011095875758820671,-0.2655606928700641,0.5727605727605728,8,6,A_animal,1.0,ns
wake_spectral_entropy,7m,7,0.8017790167039858,0.034254501191830336,0.7753164721886997,0.04223422604809784,-0.2640363368318783,0.4135864135864136,8,6,A_animal,1.0,ns
wake_ap_exp,7m,7,1.6903594929877488,0.08901541861211938,1.7078981456337428,0.061147674101885124,0.08466548041176468,0.5727605727605728,8,6,A_animal,1.0,ns
wake_total_var,7m,7,0.8226473800787515,0.20545896444213285,1.4398839583718974,0.49861699633418144,0.6453716401534512,0.22843822843822847,8,6,A_animal,1.0,ns
wake_rms,7m,7,0.35860658345562574,0.058202683726402596,0.5455591746751198,0.12346250917462759,0.7678570632879871,0.18115218115218118,8,6,A_animal,1.0,ns
wake_p2p,7m,7,1.9748257455756972,0.24129409587772446,3.112216781190535,0.5646024929621327,1.042986840207345,0.05927405927405928,8,6,A_animal,1.0,ns
wake_zcr,7m,7,0.08566152567172951,0.009692950915250654,0.12103967011246186,0.04115404319007617,0.4789242899838257,1.0,8,6,A_animal,1.0,ns
wake_coeff_var,7m,7,47.25764382138607,29.51761026423466,16.68737341073086,10.145583411290904,-0.4963101350018203,0.662004662004662,8,6,A_animal,1.0,ns
wake_hjorth_mob,7m,7,0.2938544385357342,0.027193636263951843,0.38415803416568134,0.11195628330206787,0.4483868198836088,0.9497169497169498,8,6,A_animal,1.0,ns
wake_hjorth_comp,7m,7,5.903769279500073,1.246649477510064,4.495303341092613,0.34032109286052087,-0.549746188920653,0.662004662004662,8,6,A_animal,1.0,ns
wake_lzc,7m,7,0.050460445850874766,0.0003231349894482207,0.05060439306560157,0.00031230805448286935,0.17078895590458856,0.662004662004662,8,6,A_animal,1.0,ns
nrem_bp_delta,7m,7,0.00121604724033647,0.0003918191152595383,0.014635493063540941,0.008978670659621176,0.861809257916513,0.2823842823842824,8,6,A_animal,1.0,ns
nrem_bp_theta,7m,7,0.0017755971164773545,0.0006550349244566579,0.011955159701801776,0.005311617143543453,1.0954241777491271,0.344988344988345,8,6,A_animal,1.0,ns
nrem_bp_alpha,7m,7,0.0009558171938747942,0.0003806475275429542,0.005508520188312057,0.00237897872982108,1.086496210089545,0.344988344988345,8,6,A_animal,1.0,ns
nrem_bp_beta,7m,7,0.0008138726045306244,0.00033528800511332875,0.0051063032545565655,0.002406108742254944,1.016893889650379,0.2823842823842824,8,6,A_animal,1.0,ns
nrem_bp_gamma,7m,7,0.00039989058301550693,0.000152639100135046,0.0026487983668829814,0.0013051692834597,0.9858610667582965,0.2823842823842824,8,6,A_animal,1.0,ns
nrem_rbp_delta,7m,7,0.2959640888251423,0.030571773356048593,0.3124125491325094,0.04269836527153953,0.1714126855446699,0.9497169497169498,8,6,A_animal,1.0,ns
nrem_rbp_theta,7m,7,0.33292413603936233,0.009716414599445243,0.32567346493935606,0.034998956007003666,-0.11389934063689018,0.662004662004662,8,6,A_animal,1.0,ns
nrem_rbp_alpha,7m,7,0.16140271267476147,0.00972953908897787,0.14916924472407816,0.01711238634407088,-0.34502837153442845,0.4908424908424909,8,6,A_animal,1.0,ns
nrem_rbp_beta,7m,7,0.13112037090614861,0.014885878075184636,0.13149727284479715,0.011983883818829456,0.010384912545424065,0.9497169497169498,8,6,A_animal,1.0,ns
nrem_rbp_gamma,7m,7,0.07858869007919347,0.01182236850683203,0.08124710623963101,0.009844974595013906,0.09119127647461732,0.9497169497169498,8,6,A_animal,1.0,ns
nrem_td_ratio,7m,7,1.3724603311987167,0.16287063868288115,1.336211465951325,0.22085472200787157,-0.07214682414402508,1.0,8,6,A_animal,1.0,ns
nrem_theta_alpha,7m,7,2.4592078306797354,0.12445846587689852,2.6150509129551174,0.14405001312840235,0.44218881035649454,0.662004662004662,8,6,A_animal,1.0,ns
nrem_theta_beta,7m,7,3.1425871430023333,0.4082042858697647,3.0272947155293735,0.4667696662194816,-0.10034367711182594,0.8518148518148518,8,6,A_animal,1.0,ns
nrem_slow_fast,7m,7,4.084312083440666,0.8198828757258598,3.7549964205433497,0.3717042272522395,-0.1869385371228556,0.9497169497169498,8,6,A_animal,1.0,ns
nrem_high_freq_idx,7m,7,0.20970906098534214,0.024157524755063733,0.2127443790844282,0.01883528731977861,0.05206562689765198,0.9497169497169498,8,6,A_animal,1.0,ns
nrem_spectral_entropy,7m,7,0.8801788798169485,0.02005059721445589,0.8648067041515223,0.024341911916418903,-0.26418710756847436,0.4908424908424909,8,6,A_animal,1.0,ns
nrem_ap_exp,7m,7,1.6527882934300955,0.10874688342175215,1.61180853780124,0.09656697943034297,-0.1493592772644754,0.8518148518148518,8,6,A_animal,1.0,ns
nrem_total_var,7m,7,0.005449278535862163,0.001953698022576482,0.04491302649630503,0.022182900792675028,1.0218451381636335,0.2823842823842824,8,6,A_animal,1.0,ns
nrem_rms,7m,7,0.10210884368389894,0.012139623945375858,0.16758784116971945,0.045701145660437,0.7908422483592893,0.4908424908424909,8,6,A_animal,1.0,ns
nrem_p2p,7m,7,0.44654460446053085,0.09985411997079523,0.8843871182002822,0.29513280230051,0.7978020264566881,0.2823842823842824,8,6,A_animal,1.0,ns
nrem_zcr,7m,7,0.09575191449650586,0.009358447537272519,0.13846502174406553,0.048625935774422265,0.4950679098728072,0.9497169497169498,8,6,A_animal,1.0,ns
nrem_coeff_var,7m,7,23.77314390533843,13.081629195715783,34.383371037590706,31.450744004850883,0.17557449903806696,0.662004662004662,8,6,A_animal,1.0,ns
nrem_hjorth_mob,7m,7,0.3106306213693938,0.02930175563251318,0.4231799488623644,0.13488142089391308,0.4672818114775554,0.9497169497169498,8,6,A_animal,1.0,ns
nrem_hjorth_comp,7m,7,3.992118374707902,0.26991896875833354,3.6019230227150807,0.39965326214398544,-0.4444976904695808,0.662004662004662,8,6,A_animal,1.0,ns
nrem_lzc,7m,7,0.05021817424423572,0.0002922370232307403,0.05034764165050335,0.0003340730334047652,0.15740508264471612,0.7545787545787546,8,6,A_animal,1.0,ns
all_bp_delta,7m,7,0.23203105149060216,0.0563942523185413,0.4405315914203561,0.16573103211657902,0.6760326552687653,0.22843822843822847,8,6,A_animal,1.0,ns
all_bp_theta,7m,7,0.04748298641882137,0.008498472096649994,0.11156689255834351,0.045401008638942766,0.796540534766104,0.18115218115218118,8,6,A_animal,1.0,ns
all_bp_alpha,7m,7,0.02436207689198122,0.004534169920457158,0.05560861572859067,0.02218062890319594,0.7915779581896007,0.22843822843822847,8,6,A_animal,1.0,ns
all_bp_beta,7m,7,0.029726150225580523,0.005519207479531421,0.06032796790080621,0.024478775555954055,0.6984826883812205,0.4135864135864136,8,6,A_animal,1.0,ns
all_bp_gamma,7m,7,0.017469837927094674,0.0034353437635847774,0.03499331878020389,0.014176968960688506,0.6872398271540707,0.4908424908424909,8,6,A_animal,1.0,ns
all_rbp_delta,7m,7,0.38971785619674104,0.03671895602972877,0.413171737853357,0.04593497130946952,0.2166166296504934,0.8518148518148518,8,6,A_animal,1.0,ns
all_rbp_theta,7m,7,0.2663317444496628,0.009755393547049615,0.26095173651990194,0.029389319388543174,-0.09868887919550605,0.4908424908424909,8,6,A_animal,1.0,ns
all_rbp_alpha,7m,7,0.14309859222100912,0.009919375339315558,0.13208094841410456,0.017041478110774458,-0.3097959453366812,0.5727605727605728,8,6,A_animal,1.0,ns
all_rbp_beta,7m,7,0.1231759548193914,0.014849155073536976,0.11605061471754513,0.009803395757800223,-0.2082836819068132,0.7545787545787546,8,6,A_animal,1.0,ns
all_rbp_gamma,7m,7,0.07767576390955491,0.011215411676191977,0.07774468975033996,0.009133598787247003,0.002511114033881415,0.9497169497169498,8,6,A_animal,1.0,ns
all_td_ratio,7m,7,0.9354449406700251,0.11532889143829514,0.8906684656006932,0.14570788076376615,-0.13096379223595775,1.0,8,6,A_animal,1.0,ns
all_theta_alpha,7m,7,2.2410597145946003,0.11435870083329337,2.384017805258242,0.11272982761491997,0.475377701027771,0.4135864135864136,8,6,A_animal,1.0,ns
all_theta_beta,7m,7,2.81298785577998,0.3371941714350729,2.7441289655681778,0.29582874083031996,-0.08130109865383825,0.9497169497169498,8,6,A_animal,1.0,ns
all_slow_fast,7m,7,45.922206121873536,24.253801484979682,10.571616011544165,2.9164524401442633,-0.7248441985619755,0.4908424908424909,8,6,A_animal,1.0,ns
all_high_freq_idx,7m,7,0.2008517187289464,0.02392705325602842,0.19379530446788518,0.011596201732020717,-0.13596624951270642,0.7545787545787546,8,6,A_animal,1.0,ns
all_spectral_entropy,7m,7,0.8311611881455059,0.027909957580820443,0.8098484087016469,0.034879923415340845,-0.2591099179589427,0.4135864135864136,8,6,A_animal,1.0,ns
all_ap_exp,7m,7,1.6775445504316733,0.09582771727559372,1.6686976422309145,0.0748430868956341,-0.03823556143039695,0.8518148518148518,8,6,A_animal,1.0,ns
all_total_var,7m,7,0.5089385980385606,0.12094423731405378,0.9244469811095305,0.34143215666319754,0.6503141289166919,0.2823842823842824,8,6,A_animal,1.0,ns
all_rms,7m,7,0.2604762291034285,0.037509612929066245,0.40283292982554153,0.09406641120621846,0.7936513307926976,0.22843822843822847,8,6,A_animal,1.0,ns
all_p2p,7m,7,1.3949144026709157,0.15164851675033775,2.2448563579279424,0.42184590024381685,1.0743698169300966,0.1078921078921079,8,6,A_animal,1.0,ns
all_zcr,7m,7,0.0893980542552388,0.009437882016802812,0.1281392725201025,0.04414002443230351,0.49196160306549697,0.9497169497169498,8,6,A_animal,1.0,ns
all_coeff_var,7m,7,40.00441910046016,24.487309211953363,21.9081748473111,16.81368124813491,-0.3175946630325069,0.7545787545787546,8,6,A_animal,1.0,ns
all_hjorth_mob,7m,7,0.2998360601401055,0.02762041590800938,0.40021368781067457,0.12127094341114648,0.4621651567254036,0.9497169497169498,8,6,A_animal,1.0,ns
all_hjorth_comp,7m,7,5.17064001493395,0.8274279768019889,4.1516952668517355,0.3532131634506685,-0.5775281448521247,0.662004662004662,8,6,A_animal,1.0,ns
all_lzc,7m,7,0.050366340729776686,0.00030948180998817453,0.05050474918265611,0.0003239739999961726,0.16565549312481903,0.7545787545787546,8,6,A_animal,1.0,ns
wake_bp_delta,9m,9,0.14737974106455523,0.07001481062177134,0.18522084001765776,0.0737014485495408,0.2366454378654714,0.7619047619047619,6,4,A_animal,1.0,ns
wake_bp_theta,9m,9,0.030586708744781924,0.014257181579814976,0.037855953236927045,0.014550331869585844,0.22614739686830265,0.47619047619047616,6,4,A_animal,1.0,ns
wake_bp_alpha,9m,9,0.016192381262771977,0.007661151373860907,0.019029625592696546,0.007518834145567751,0.1668547123659877,0.35238095238095235,6,4,A_animal,1.0,ns
wake_bp_beta,9m,9,0.017322354145456454,0.008304557688762971,0.021224098452613787,0.007496945314914481,0.2183512068664859,0.2571428571428571,6,4,A_animal,1.0,ns
wake_bp_gamma,9m,9,0.010329744101408073,0.004692911678814573,0.03625577630774181,0.027281938513122078,0.6575302418888959,0.35238095238095235,6,4,A_animal,1.0,ns
wake_rbp_delta,9m,9,0.4480604502315772,0.041266225842382966,0.4202938952662697,0.031888866919120455,-0.328546431811613,0.47619047619047616,6,4,A_animal,1.0,ns
wake_rbp_theta,9m,9,0.23532888038096625,0.0064702849149272145,0.24933314897812803,0.004443661259159191,1.0899464541277641,0.11428571428571428,6,4,A_animal,1.0,ns
wake_rbp_alpha,9m,9,0.12922683227661128,0.012187973347214111,0.13593766405143334,0.0068983532616877065,0.288570606946539,0.47619047619047616,6,4,A_animal,1.0,ns
wake_rbp_beta,9m,9,0.12107789542841928,0.014220132889963502,0.12618309626730828,0.018676779653595457,0.1413602405606928,0.9142857142857143,6,4,A_animal,1.0,ns
wake_rbp_gamma,9m,9,0.06630594110386025,0.012590772829079385,0.06825219282519837,0.02187980872582891,0.051412726399487206,0.9142857142857143,6,4,A_animal,1.0,ns
wake_td_ratio,9m,9,0.6822788306363347,0.10958566149125613,0.7208358040569489,0.05299563715397082,0.1889409331037737,0.35238095238095235,6,4,A_animal,1.0,ns
wake_theta_alpha,9m,9,2.251714425675854,0.15973995638787522,2.244562811608462,0.13821332113021984,-0.02111133036719932,0.9142857142857143,6,4,A_animal,1.0,ns
wake_theta_beta,9m,9,2.655543084581245,0.2977551295416621,2.567872720974328,0.40582911836096375,-0.11362129529610364,0.9142857142857143,6,4,A_animal,1.0,ns
wake_slow_fast,9m,9,1694.464614082098,1686.4865713410786,596.8005022160975,588.397570153751,-0.3613958134965838,0.9142857142857143,6,4,A_animal,1.0,ns
wake_high_freq_idx,9m,9,0.1873838365322796,0.02511481421280559,0.19443528909250674,0.028748038775209324,0.11842968984476954,0.9142857142857143,6,4,A_animal,1.0,ns
wake_spectral_entropy,9m,9,0.8092574251737322,0.03212098601268822,0.8040590940579071,0.034655238598444875,-0.0701118479913738,0.7619047619047619,6,4,A_animal,1.0,ns
wake_ap_exp,9m,9,1.7543572195590447,0.1351510551334829,1.7784890450078867,0.1299607960844846,0.0810829597143669,0.7619047619047619,6,4,A_animal,1.0,ns
wake_total_var,9m,9,0.3057334626144569,0.13552375860403112,0.5627422482300759,0.31296903699721496,0.5129933214204104,0.35238095238095235,6,4,A_animal,1.0,ns
wake_rms,9m,9,0.188611863215416,0.03640820610099023,0.29311858457132334,0.14735186383121363,0.4800060736459155,0.9142857142857143,6,4,A_animal,1.0,ns
wake_p2p,9m,9,1.2544519623812793,0.2130450982524798,1.639809266797812,0.6221215369351963,0.4039120565765209,1.0,6,4,A_animal,1.0,ns
wake_zcr,9m,9,0.0913698362578746,0.008310332972580334,0.07966278671530416,0.013956135955310074,-0.4792450364275603,0.6095238095238095,6,4,A_animal,1.0,ns
wake_coeff_var,9m,9,98.94639898243425,45.82764621568081,37.911236651265696,20.49411232282333,-0.7222951098277095,0.9142857142857143,6,4,A_animal,1.0,ns
wake_hjorth_mob,9m,9,0.2925246160186173,0.026960629671492896,0.25771871201982793,0.04585706087970386,-0.43553793527761914,0.6095238095238095,6,4,A_animal,1.0,ns
wake_hjorth_comp,9m,9,4.79668807502344,0.5187152911926983,4.907860345365414,0.4801771914107281,0.0987140921601672,0.7619047619047619,6,4,A_animal,1.0,ns
wake_lzc,9m,9,0.050229226746703104,0.0002495854341564299,0.0504363891039951,0.0002076509858609032,0.39633037483297856,0.35238095238095235,6,4,A_animal,1.0,ns
nrem_bp_delta,9m,9,0.001922619881771724,0.0008883488143126024,0.003167751202104715,0.0026161974895097533,0.31073400059732303,0.6095238095238095,6,4,A_animal,1.0,ns
nrem_bp_theta,9m,9,0.002502867160973443,0.0012054613495647724,0.004288146666571158,0.0034497768089060354,0.3364177158480706,0.9142857142857143,6,4,A_animal,1.0,ns
nrem_bp_alpha,9m,9,0.0011928341396365623,0.0005804944321708389,0.001958754851516165,0.0015921450644487624,0.3105995635480777,0.9142857142857143,6,4,A_animal,1.0,ns
nrem_bp_beta,9m,9,0.001028913159514752,0.0004657986356638231,0.0013220523951955917,0.0009556629315279087,0.18623417226925473,1.0,6,4,A_animal,1.0,ns
nrem_bp_gamma,9m,9,0.000533471936783218,0.00023964162004573746,0.0005734412925160392,0.0004216367772328657,0.05500916910821259,0.9142857142857143,6,4,A_animal,1.0,ns
nrem_rbp_delta,9m,9,0.2996275849299301,0.031147947513895578,0.26901584522335453,0.022189716672075737,-0.49047255432953635,0.47619047619047616,6,4,A_animal,1.0,ns
nrem_rbp_theta,9m,9,0.33352713373312476,0.00784776352564426,0.3778204943451204,0.009190484587221033,2.3551893843656524,0.0380952380952381,6,4,A_animal,1.0,*
nrem_rbp_alpha,9m,9,0.1531653208040302,0.011360994945640301,0.15960851304989063,0.0033154817769733675,0.3185168783161883,0.9142857142857143,6,4,A_animal,1.0,ns
nrem_rbp_beta,9m,9,0.13998007444840446,0.012395489883040877,0.13954381426147952,0.01812406159516212,-0.01304795898659207,0.9142857142857143,6,4,A_animal,1.0,ns
nrem_rbp_gamma,9m,9,0.07369988561959885,0.015534649562667128,0.05401133260468094,0.014261482510724427,-0.5855033340096832,0.47619047619047616,6,4,A_animal,1.0,ns
nrem_td_ratio,9m,9,1.3074703464564659,0.17769274128300086,1.6168328285936946,0.12063142139003384,0.8791403140999376,0.11428571428571428,6,4,A_animal,1.0,ns
nrem_theta_alpha,9m,9,2.5669165768110407,0.1537979183675273,2.7622091868312095,0.11527353305183673,0.6253170640518941,0.2571428571428571,6,4,A_animal,1.0,ns
nrem_theta_beta,9m,9,2.7571964286784234,0.28354277136973854,3.159298593321211,0.41665358887295484,0.5242081794760387,0.47619047619047616,6,4,A_animal,1.0,ns
nrem_slow_fast,9m,9,3.708355832475579,0.682851320907373,3.9825317657627783,0.6801034912155308,0.1798526911479243,0.7619047619047619,6,4,A_animal,1.0,ns
nrem_high_freq_idx,9m,9,0.2136799600680034,0.02567346800151805,0.19355514686616052,0.03043014982314215,-0.3252132627391837,0.7619047619047619,6,4,A_animal,1.0,ns
nrem_spectral_entropy,9m,9,0.884672845164646,0.02133280471245578,0.869069861066476,0.019881453404082785,-0.3360488470745072,0.9142857142857143,6,4,A_animal,1.0,ns
nrem_ap_exp,9m,9,1.6769832800007183,0.15549945588537475,1.750349116858511,0.14091566167156144,0.218973534565048,0.6095238095238095,6,4,A_animal,1.0,ns
nrem_total_var,9m,9,0.007536330192166475,0.0034725808033927727,0.011644921805507502,0.009282889539967521,0.2845237096515375,0.9142857142857143,6,4,A_animal,1.0,ns
nrem_rms,9m,9,0.08025872849362946,0.017633762082168453,0.09975199225347106,0.04941312425969896,0.2556032040172051,0.9142857142857143,6,4,A_animal,1.0,ns
nrem_p2p,9m,9,0.5649996211548489,0.15732109552922197,0.6169549422090754,0.30759339932934837,0.10121818129709961,0.9142857142857143,6,4,A_animal,1.0,ns
nrem_zcr,9m,9,0.10188797123794646,0.010132966093644061,0.07728527193205302,0.01063070487071732,-1.0646082215392563,0.17142857142857143,6,4,A_animal,1.0,ns
nrem_coeff_var,9m,9,81.60310092264659,36.14084746030896,26.143865597965323,20.349187419081883,-0.8049701012635173,0.7619047619047619,6,4,A_animal,1.0,ns
nrem_hjorth_mob,9m,9,0.3205838656650751,0.03236397852603619,0.24541280776769414,0.03487144050808511,-1.0068270250452707,0.17142857142857143,6,4,A_animal,1.0,ns
nrem_hjorth_comp,9m,9,4.125478596340986,0.5081678061010251,4.4381292057483,0.36940918377123444,0.30546070368006417,0.47619047619047616,6,4,A_animal,1.0,ns
nrem_lzc,9m,9,0.05006579121462664,0.00031624306601650917,0.05027541197814469,0.00019237174609576998,0.342701178529805,0.6095238095238095,6,4,A_animal,1.0,ns
all_bp_delta,9m,9,0.09354765211158082,0.044345271587374765,0.11093529320656713,0.04433478902041665,0.17536761964473915,0.7619047619047619,6,4,A_animal,1.0,ns
all_bp_theta,9m,9,0.020187952620182897,0.008929191225126074,0.02413309187719208,0.00975261242730149,0.1903803102050491,0.6095238095238095,6,4,A_animal,1.0,ns
all_bp_alpha,9m,9,0.010642740016158107,0.004767798865429553,0.012052815827799102,0.004993171177615428,0.12977537625756974,1.0,6,4,A_animal,1.0,ns
all_bp_beta,9m,9,0.01128221069657335,0.005179391908861873,0.013104112166390437,0.0047211437179347894,0.16291881197528776,0.2571428571428571,6,4,A_animal,1.0,ns
all_bp_gamma,9m,9,0.006687999254541273,0.002930202227341309,0.021361309385527397,0.016004588008125112,0.6325807323175139,0.35238095238095235,6,4,A_animal,1.0,ns
all_rbp_delta,9m,9,0.39235120197676004,0.035295530339521757,0.36035312196954933,0.026054332304559277,-0.44828342391361553,0.35238095238095235,6,4,A_animal,1.0,ns
all_rbp_theta,9m,9,0.27184676513580436,0.005344080435267485,0.3001824515739121,0.005399306831273588,2.361448930341315,0.01904761904761905,6,4,A_animal,1.0,*
all_rbp_alpha,9m,9,0.13845533821288217,0.01106431540511217,0.14562348996796493,0.004885496197364749,0.3518734979622772,0.47619047619047616,6,4,A_animal,1.0,ns
all_rbp_beta,9m,9,0.12824731831638764,0.013234856770400965,0.1316941203506813,0.018321295501880955,0.09963253274797175,0.9142857142857143,6,4,A_animal,1.0,ns
all_rbp_gamma,9m,9,0.06909937582008487,0.013556187529559002,0.062146814404187345,0.01662154599293763,-0.20926055594209764,0.6095238095238095,6,4,A_animal,1.0,ns
all_td_ratio,9m,9,0.9121962838297835,0.12745745100454245,1.0687603404590422,0.07179003265424853,0.6443247741929343,0.11428571428571428,6,4,A_animal,1.0,ns
all_theta_alpha,9m,9,2.3629753162161324,0.15127694468414782,2.443658096248107,0.12853713555925797,0.25300273678585744,0.7619047619047619,6,4,A_animal,1.0,ns
all_theta_beta,9m,9,2.685335716521171,0.27804332819322913,2.793886917976363,0.40496799809645295,0.1450676913477203,0.7619047619047619,6,4,A_animal,1.0,ns
all_slow_fast,9m,9,1071.616597871455,1065.3959158177984,348.6163830727452,342.146224615092,-0.3789897825805066,0.9142857142857143,6,4,A_animal,1.0,ns
all_high_freq_idx,9m,9,0.19734669413647254,0.024873204955452678,0.1938409347548687,0.027662380317465325,-0.060243497672770714,1.0,6,4,A_animal,1.0,ns
all_spectral_entropy,9m,9,0.838111746611318,0.026275324914604017,0.8310876915271012,0.027945672944860056,-0.11653309055240804,1.0,6,4,A_animal,1.0,ns
all_ap_exp,9m,9,1.7255314927637542,0.1419389044619172,1.7680549052817038,0.13214338828059574,0.1377008258195286,0.6095238095238095,6,4,A_animal,1.0,ns
all_total_var,9m,9,0.19520320415372985,0.08558879891280541,0.334987753884104,0.18652637255684898,0.46196075995961505,0.47619047619047616,6,4,A_animal,1.0,ns
all_rms,9m,9,0.1480476732313749,0.026174604042615256,0.21337178342495844,0.10625128719210285,0.41620377778388357,0.9142857142857143,6,4,A_animal,1.0,ns
all_p2p,9m,9,0.9980843801480804,0.16640960876462393,1.2214791695728988,0.4870557014027412,0.2991862637500686,1.0,6,4,A_animal,1.0,ns
all_zcr,9m,9,0.0953484088319088,0.008839348375696634,0.0785591653598573,0.01197605757356854,-0.7353707018783269,0.17142857142857143,6,4,A_animal,1.0,ns
all_coeff_var,9m,9,92.79257133962415,42.27437588115809,33.1631015097355,20.15889843849349,-0.7588798651558136,0.7619047619047619,6,4,A_animal,1.0,ns
all_hjorth_mob,9m,9,0.3032767335485699,0.028586907796549252,0.252356457172121,0.03966353274841283,-0.680570797453621,0.35238095238095235,6,4,A_animal,1.0,ns
all_hjorth_comp,9m,9,4.5382247779085025,0.5022833092133102,4.717647315140011,0.4269838976285915,0.1694252427456529,0.6095238095238095,6,4,A_animal,1.0,ns
all_lzc,9m,9,0.05017611346191275,0.00026578829926640884,0.05037915635934266,0.00019380008844738697,0.3789095076251836,0.6095238095238095,6,4,A_animal,1.0,ns
wake_bp_delta,12m,12,0.7049892673678632,0.21566425979597387,0.32659427353833387,0.13279526191535931,-1.0564446874977114,0.34285714285714286,4,4,A_animal,1.0,ns
wake_bp_theta,12m,12,0.21457338288833816,0.06646986814901508,0.07172251164244395,0.03164442836682999,-1.372093626419999,0.2,4,4,A_animal,1.0,ns
wake_bp_alpha,12m,12,0.12380755847554731,0.041140957161722246,0.03153928478850762,0.014322815652392972,-1.4976873568767657,0.2,4,4,A_animal,1.0,ns
wake_bp_beta,12m,12,0.17477253615685273,0.07229086013527158,0.03283705103626747,0.01663691446109915,-1.352962885101079,0.2,4,4,A_animal,1.0,ns
wake_bp_gamma,12m,12,0.1251595943216105,0.04018158797770063,0.04721224388105724,0.03895378556385255,-0.9848689177255726,0.34285714285714286,4,4,A_animal,1.0,ns
wake_rbp_delta,12m,12,0.38328775075439286,0.031109773589833436,0.41412261753726337,0.03349711473541406,0.4769435153101134,0.4857142857142857,4,4,A_animal,1.0,ns
wake_rbp_theta,12m,12,0.23035026358714708,0.018937520552540582,0.2532533757734947,0.028587977995534777,0.47227384798734684,0.6857142857142857,4,4,A_animal,1.0,ns
wake_rbp_alpha,12m,12,0.14023298222995723,0.02215614196835322,0.12451084335992345,0.011687055814242932,-0.44380890411001245,0.4857142857142857,4,4,A_animal,1.0,ns
wake_rbp_beta,12m,12,0.13820612030100804,0.008862017704056317,0.11661762030610381,0.0072016909310757115,-1.3368081170507036,0.11428571428571428,4,4,A_animal,1.0,ns
wake_rbp_gamma,12m,12,0.10792286604290119,0.02085115960881426,0.0914955152086235,0.013476170796941198,-0.46787402965661035,0.6857142857142857,4,4,A_animal,1.0,ns
wake_td_ratio,12m,12,0.8438552517098667,0.15074294885643427,0.7889574446416645,0.133253066333207,-0.19293931482912474,0.6857142857142857,4,4,A_animal,1.0,ns
wake_theta_alpha,12m,12,2.1278813188145005,0.13814252643749736,2.5278940172866218,0.09611626038658375,1.6807347280474618,0.05714285714285714,4,4,A_animal,1.0,ns
wake_theta_beta,12m,12,2.4411943236701314,0.09820156037587878,2.711021590197288,0.12799295549889317,1.1826854831765128,0.2,4,4,A_animal,1.0,ns
wake_slow_fast,12m,12,163.57245081482796,93.67843765189207,47.13600282245469,39.363769278803936,-0.8102623127274214,0.6857142857142857,4,4,A_animal,1.0,ns
wake_high_freq_idx,12m,12,0.24612898634390928,0.01863497278289408,0.20811313551472738,0.006584227696150205,-1.360115029018463,0.2,4,4,A_animal,1.0,ns
wake_spectral_entropy,12m,12,0.8096318338987504,0.02976353273345682,0.8074084358095877,0.03095454213234727,-0.03661134589003782,0.8857142857142857,4,4,A_animal,1.0,ns
wake_ap_exp,12m,12,1.6451659051977525,0.08862486448626335,1.6657063247964572,0.04203669881437222,0.14807237209502577,1.0,4,4,A_animal,1.0,ns
wake_total_var,12m,12,1.7832727031053954,0.5507218142093916,0.8187079926152677,0.46933393432391757,-0.942604410173464,0.34285714285714286,4,4,A_animal,1.0,ns
wake_rms,12m,12,0.7449175995065478,0.20631904305824902,0.503958514959572,0.2948069781776874,-0.4735099814867682,0.6857142857142857,4,4,A_animal,1.0,ns
wake_p2p,12m,12,3.6771704053757572,0.7156806421277978,2.492335178205968,0.9478113924857633,-0.7054227373323476,0.4857142857142857,4,4,A_animal,1.0,ns
wake_zcr,12m,12,0.1076765037024236,0.015762642254031217,0.10716908421860635,0.01847292929632303,-0.0147751831817432,1.0,4,4,A_animal,1.0,ns
wake_coeff_var,12m,12,78.17894286729478,36.06091022396599,212.89263170274674,111.15076106915497,0.8151786033820266,0.4857142857142857,4,4,A_animal,1.0,ns
wake_hjorth_mob,12m,12,0.34911039581923486,0.04914288256332216,0.3428233805601688,0.056813716104293775,-0.05918087313429571,0.8857142857142857,4,4,A_animal,1.0,ns
wake_hjorth_comp,12m,12,4.272342599155779,0.30519443803298657,4.426810497253063,0.1634690028320884,0.3154827861395279,0.8857142857142857,4,4,A_animal,1.0,ns
wake_lzc,12m,12,0.04997119056238992,0.00022888456136245275,0.0501523485913483,0.00013373282439316226,0.4830533475783278,0.6857142857142857,4,4,A_animal,1.0,ns
nrem_bp_delta,12m,12,0.08885488555773965,0.041579582888832,0.004935640055182476,0.003870720971387907,-1.42099557862265,0.11428571428571428,4,4,A_animal,1.0,ns
nrem_bp_theta,12m,12,0.05762520145189193,0.02221806799773421,0.005719492354324851,0.003940653304984561,-1.6265527555297281,0.05714285714285714,4,4,A_animal,1.0,ns
nrem_bp_alpha,12m,12,0.030033564481397785,0.013000008638383367,0.003014995960865182,0.0023241311750121806,-1.4466776812003408,0.05714285714285714,4,4,A_animal,1.0,ns
nrem_bp_beta,12m,12,0.05588753654025055,0.036783469989679206,0.002946817881805787,0.0023973722168821056,-1.0155508704604852,0.05714285714285714,4,4,A_animal,1.0,ns
nrem_bp_gamma,12m,12,0.024521607933101278,0.009589336424393101,0.004135794908775534,0.0038733255196150185,-1.3938185897378432,0.05714285714285714,4,4,A_animal,1.0,ns
nrem_rbp_delta,12m,12,0.23273680212969539,0.03090945111715312,0.2633305854992043,0.014569985392166954,0.6330769649343561,0.6857142857142857,4,4,A_animal,1.0,ns
nrem_rbp_theta,12m,12,0.3273725270003669,0.017787748118704438,0.3630996049391675,0.023060112720539417,0.8674417500044277,0.2,4,4,A_animal,1.0,ns
nrem_rbp_alpha,12m,12,0.1767507386951282,0.02510656514971373,0.14793245748531572,0.00914567004774788,-0.7626216993715357,0.4857142857142857,4,4,A_animal,1.0,ns
nrem_rbp_beta,12m,12,0.15950845648523537,0.010499517722289697,0.1348966948628897,0.005151303565069975,-1.488068727039552,0.11428571428571428,4,4,A_animal,1.0,ns
nrem_rbp_gamma,12m,12,0.10363146988935391,0.022882990222534056,0.09074063837960185,0.012204085588172466,-0.35147696412828583,0.8857142857142857,4,4,A_animal,1.0,ns
nrem_td_ratio,12m,12,1.8357883417184402,0.38900890023058154,1.5624826854977665,0.18000628371012867,-0.4508617202890645,0.8857142857142857,4,4,A_animal,1.0,ns
nrem_theta_alpha,12m,12,2.313042420711893,0.19364669886106972,2.968477617931366,0.21152839638134827,1.616086046435728,0.11428571428571428,4,4,A_animal,1.0,ns
nrem_theta_beta,12m,12,2.6878935702380824,0.09812071440491164,3.05226287738725,0.251246862049284,0.9552176743921418,0.2,4,4,A_animal,1.0,ns
nrem_slow_fast,12m,12,3.0661094231084123,0.390568039257205,3.3988560181097722,0.313263580515926,0.4699384453030549,1.0,4,4,A_animal,1.0,ns
nrem_high_freq_idx,12m,12,0.2631399263745893,0.021579732771010326,0.22563733324249158,0.016437948469028504,-0.977551249299173,0.2,4,4,A_animal,1.0,ns
nrem_spectral_entropy,12m,12,0.8746823532431464,0.01808608841090192,0.8860014716721717,0.012800864322549505,0.3612190710428475,0.6857142857142857,4,4,A_animal,1.0,ns
nrem_ap_exp,12m,12,1.576397462296489,0.09313420538863891,1.555730163819977,0.07308475668833753,-0.12344302485537899,1.0,4,4,A_animal,1.0,ns
nrem_total_var,12m,12,0.319415753709945,0.14272898733028602,0.03526331480628893,0.030690581184930822,-1.3762877729935645,0.05714285714285714,4,4,A_animal,1.0,ns
nrem_rms,12m,12,0.407160421933106,0.1486957880151284,0.2519161861684833,0.18968164121525471,-0.4554612496046068,0.34285714285714286,4,4,A_animal,1.0,ns
nrem_p2p,12m,12,1.603315213411678,0.3568464779589144,0.8134612387388145,0.40807443479744665,-1.0302876736843793,0.11428571428571428,4,4,A_animal,1.0,ns
nrem_zcr,12m,12,0.11468362577229946,0.020374816499344705,0.10650561548635068,0.011306770713048706,-0.24816597285832628,0.6857142857142857,4,4,A_animal,1.0,ns
nrem_coeff_var,12m,12,57.4614240703661,27.693218776279856,84.55076994345586,52.574123088478835,0.32235734135362865,1.0,4,4,A_animal,1.0,ns
nrem_hjorth_mob,12m,12,0.3582887501100413,0.057841205133033896,0.3367461116607076,0.036226591736780965,-0.22319553598498665,0.6857142857142857,4,4,A_animal,1.0,ns
nrem_hjorth_comp,12m,12,3.6315548871655134,0.3412590942770808,3.7942053195853487,0.21295728755066726,0.2859166566048245,0.8857142857142857,4,4,A_animal,1.0,ns
nrem_lzc,12m,12,0.0497046205747074,0.00022961577595450553,0.04974791648073936,0.00021352776388744923,0.0976126255207779,0.8857142857142857,4,4,A_animal,1.0,ns
all_bp_delta,12m,12,0.5026883693446004,0.16241368234602066,0.20381038517335423,0.08162601434162559,-1.1626587575273477,0.2,4,4,A_animal,1.0,ns
all_bp_theta,12m,12,0.1627593015843608,0.05286221983513181,0.04634365931047489,0.020381918379162506,-1.452964006248793,0.2,4,4,A_animal,1.0,ns
all_bp_alpha,12m,12,0.09369684710127016,0.0327219006423182,0.020647878435852834,0.009509991337408256,-1.515837127814569,0.2,4,4,A_animal,1.0,ns
all_bp_beta,12m,12,0.13721602769683733,0.06217974750260782,0.02135335218515431,0.01094326796709477,-1.2976445852958352,0.2,4,4,A_animal,1.0,ns
all_bp_gamma,12m,12,0.09192930772346829,0.029936203932964096,0.029655635824369968,0.024389428198161596,-1.1403749261883909,0.2,4,4,A_animal,1.0,ns
all_rbp_delta,12m,12,0.3307012322214072,0.030368399513242657,0.35913521136199744,0.02443178075433992,0.5158483881278998,0.34285714285714286,4,4,A_animal,1.0,ns
all_rbp_theta,12m,12,0.2637686680295476,0.01785818748667656,0.293353961037191,0.024200933747531343,0.6955567349637193,0.4857142857142857,4,4,A_animal,1.0,ns
all_rbp_alpha,12m,12,0.1529802326893802,0.022934706299366114,0.13361754539953208,0.008943869743982506,-0.5561815931314472,0.6857142857142857,4,4,A_animal,1.0,ns
all_rbp_beta,12m,12,0.14579422791268265,0.009060707833544852,0.1236073012652616,0.005497765328875137,-1.4803006471083746,0.2,4,4,A_animal,1.0,ns
all_rbp_gamma,12m,12,0.10675562503213139,0.021745905591920547,0.0902859566388546,0.010299667496141375,-0.48399705929912135,0.6857142857142857,4,4,A_animal,1.0,ns
all_td_ratio,12m,12,1.1781033705966157,0.22270041246136546,1.0664297927755177,0.13389951460037633,-0.3038817166543477,1.0,4,4,A_animal,1.0,ns
all_theta_alpha,12m,12,2.185188042687763,0.15840635958710406,2.679678298575537,0.12109767996795656,1.7536168906621832,0.11428571428571428,4,4,A_animal,1.0,ns
all_theta_beta,12m,12,2.502938732627453,0.09965340859876276,2.8321324248751685,0.16670790333016947,1.1984978791617944,0.11428571428571428,4,4,A_animal,1.0,ns
all_slow_fast,12m,12,105.81638249378773,59.16533935034339,30.9255200630907,24.833930803664714,-0.8252957496122504,0.8857142857142857,4,4,A_animal,1.0,ns
all_high_freq_idx,12m,12,0.2525498529448141,0.019934007654168823,0.2138932579041162,0.008477471429511262,-1.2618701909568792,0.2,4,4,A_animal,1.0,ns
all_spectral_entropy,12m,12,0.8333319201066519,0.024612395327265654,0.838137265881165,0.01925328468008679,0.10873832369704517,0.8857142857142857,4,4,A_animal,1.0,ns
all_ap_exp,12m,12,1.6182794946251358,0.08984423914727448,1.6258054584899986,0.05348563195192863,0.05089597188008158,1.0,4,4,A_animal,1.0,ns
all_total_var,12m,12,1.2992741593336732,0.42322338206484567,0.5108154647897649,0.2899937522218191,-1.0866986312650262,0.34285714285714286,4,4,A_animal,1.0,ns
all_rms,12m,12,0.6278162417150653,0.1834966142573776,0.4041387693564352,0.2489440505717465,-0.5114204000330093,0.4857142857142857,4,4,A_animal,1.0,ns
all_p2p,12m,12,2.928246334306952,0.5699219331431397,1.8401987636899948,0.7035920363722595,-0.8496986990216239,0.4857142857142857,4,4,A_animal,1.0,ns
all_zcr,12m,12,0.11045805118922811,0.017577366987379526,0.10641934373265503,0.014501478438201225,-0.1253245979466253,0.8857142857142857,4,4,A_animal,1.0,ns
all_coeff_var,12m,12,71.36772206660333,32.49729119889078,166.89206360302063,79.76546848989588,0.7842200888972336,0.4857142857142857,4,4,A_animal,1.0,ns
all_hjorth_mob,12m,12,0.35325263671642015,0.05260700771710843,0.3392704719691099,0.045738758735840455,-0.14182807962494803,0.8857142857142857,4,4,A_animal,1.0,ns
all_hjorth_comp,12m,12,4.042647572433389,0.3197396630098608,4.1942613889302605,0.12875658915652646,0.3110241819608846,0.8857142857142857,4,4,A_animal,1.0,ns
all_lzc,12m,12,0.0498699884216124,0.00023187937965377524,0.05000215115419927,0.00016479022380480138,0.3284139362961953,0.6857142857142857,4,4,A_animal,1.0,ns
